
SET @OLD_UNIQUE_CHECKS=@@UNIQUE_CHECKS, UNIQUE_CHECKS=0;
SET @OLD_FOREIGN_KEY_CHECKS=@@FOREIGN_KEY_CHECKS, FOREIGN_KEY_CHECKS=0;
SET @OLD_SQL_MODE=@@SQL_MODE, SQL_MODE='TRADITIONAL';


INSERT INTO `grade_tbl` (`id_grade`, `description`) VALUES (1, '1st Grade');
INSERT INTO `grade_tbl` (`id_grade`, `description`) VALUES (2, '2nd Grade');
INSERT INTO `grade_tbl` (`id_grade`, `description`) VALUES (3, '3rd Grade');
INSERT INTO `grade_tbl` (`id_grade`, `description`) VALUES (4, '4th Grade');
INSERT INTO `grade_tbl` (`id_grade`, `description`) VALUES (5, '5th Grade');
INSERT INTO `grade_tbl` (`id_grade`, `description`) VALUES (6, '6th Grade');
INSERT INTO `grade_tbl` (`id_grade`, `description`) VALUES (7, '7th Grade');
INSERT INTO `grade_tbl` (`id_grade`, `description`) VALUES (8, '8th Grade');
INSERT INTO `grade_tbl` (`id_grade`, `description`) VALUES (9, '9th Grade');


INSERT INTO `language_tbl` (`id_language`, `description`) VALUES (1, 'Kannada');
INSERT INTO `language_tbl` (`id_language`, `description`) VALUES (2, 'Hindi');
INSERT INTO `language_tbl` (`id_language`, `description`) VALUES (3, 'English');
INSERT INTO `language_tbl` (`id_language`, `description`) VALUES (4, 'Odiya');

INSERT INTO `question_type_tbl` (`id_question_type`, `code`, `description`) VALUES (1, 'MTF', 'Match the following'); 
INSERT INTO `question_type_tbl` (`id_question_type`, `code`, `description`) VALUES (2, 'FIB', 'Fill in the blanks'); 
INSERT INTO `question_type_tbl` (`id_question_type`, `code`, `description`) VALUES (3, 'MCQ', 'Multiple choice question'); 
INSERT INTO `question_type_tbl` (`id_question_type`, `code`, `description`) VALUES (4, 'TOF', 'True or False' ); 
INSERT INTO `question_type_tbl` (`id_question_type`, `code`, `description`) VALUES (5, 'RAR', 'Rearrange'); 
INSERT INTO `question_type_tbl` (`id_question_type`, `code`, `description`) VALUES (6, 'WORD', 'Statement or Worded problem'); 

INSERT INTO `question_classification_tbl` (`id_question_classification`, `description`) VALUES (1, 'KNOWLEDGE/UNDERSTANDING'); 
INSERT INTO `question_classification_tbl` (`id_question_classification`, `description`) VALUES (2, 'APPLY/ANALYSE'); 
INSERT INTO `question_classification_tbl` (`id_question_classification`, `description`) VALUES (3, 'EVALUATE/SYNTHESIS/CREATE');


INSERT INTO `game_master_tbl`  (`idg`,  `id_game`, `game_description`, `id_grade`) VALUES (1,'NSF1.1A-G1','Identifying equal parts',1);
INSERT INTO `game_master_tbl`  (`idg`,  `id_game`, `game_description`, `id_grade`) VALUES (2,'SSR2.1A-G1','Spatial Understanding - far,near,thin,thick,above,below,under,on,big,small,inside,outside,higher,lower',1);
INSERT INTO `game_master_tbl`  (`idg`,  `id_game`, `game_description`, `id_grade`) VALUES (3,'SSR2.1B-G1','Spatial understanding - Tall, short, narrow,wide, fat, thin, thick',1);
INSERT INTO `game_master_tbl`  (`idg`,  `id_game`, `game_description`, `id_grade`) VALUES (4,'ML2.2-G1','Seriates using length',1);
INSERT INTO `game_master_tbl`  (`idg`,  `id_game`, `game_description`, `id_grade`) VALUES (5,'ML2.3-G1','Measure using non-standard units',1);
INSERT INTO `game_master_tbl`  (`idg`,  `id_game`, `game_description`, `id_grade`) VALUES (6,'MW3.1-G1','Compares weight - heavy,light',1);
INSERT INTO `game_master_tbl`  (`idg`,  `id_game`, `game_description`, `id_grade`) VALUES (7,'MW3.2A-G1','Compares weight using measuring scale',1);
INSERT INTO `game_master_tbl`  (`idg`,  `id_game`, `game_description`, `id_grade`) VALUES (8,'MT5.1-G1','Sequencing activities - events in the day',1);
INSERT INTO `game_master_tbl`  (`idg`,  `id_game`, `game_description`, `id_grade`) VALUES (9,'MT5.2-G1','Days of the Week',1);
INSERT INTO `game_master_tbl`  (`idg`,  `id_game`, `game_description`, `id_grade`) VALUES (10,'MT5.4-G1','Months of the year',1);
INSERT INTO `game_master_tbl`  (`idg`,  `id_game`, `game_description`, `id_grade`) VALUES (11,'NSF1.1A-G2','Identifying equal parts',2);
INSERT INTO `game_master_tbl`  (`idg`,  `id_game`, `game_description`, `id_grade`) VALUES (12,'SSR2.1A-G2','Spatial Understanding - far,near, thin, thick,above,below,under,on, big ,small,inside,outside, higher,lower ',2);
INSERT INTO `game_master_tbl`  (`idg`,  `id_game`, `game_description`, `id_grade`) VALUES (13,'SSR2.1B-G2','Spatial understanding - Tall, short, narrow,wide, fat, thin, thick',2);
INSERT INTO `game_master_tbl`  (`idg`,  `id_game`, `game_description`, `id_grade`) VALUES (14,'ML2.2-G2','Seriates using length',2);
INSERT INTO `game_master_tbl`  (`idg`,  `id_game`, `game_description`, `id_grade`) VALUES (15,'ML2.3-G2','Measure using non-standard units',2);
INSERT INTO `game_master_tbl`  (`idg`,  `id_game`, `game_description`, `id_grade`) VALUES (16,'MW3.1-G2','Compares weight - heavy,light',2);
INSERT INTO `game_master_tbl`  (`idg`,  `id_game`, `game_description`, `id_grade`) VALUES (17,'MW3.2A-G2','Compares weight using measuring scale',2);
INSERT INTO `game_master_tbl`  (`idg`,  `id_game`, `game_description`, `id_grade`) VALUES (18,'MT5.1-G2','Sequencing activities - events in the day',2);
INSERT INTO `game_master_tbl`  (`idg`,  `id_game`, `game_description`, `id_grade`) VALUES (19,'MT5.2-G2','Days of the Week',2);
INSERT INTO `game_master_tbl`  (`idg`,  `id_game`, `game_description`, `id_grade`) VALUES (20,'MT5.4G2','Months of the year',2);
INSERT INTO `game_master_tbl`  (`idg`,  `id_game`, `game_description`, `id_grade`) VALUES (21,'MT6.1-G2','Parts of calendar',2);
INSERT INTO `game_master_tbl`  (`idg`,  `id_game`, `game_description`, `id_grade`) VALUES (22,'MT6.2-G2','Reading a calendar ',2);
INSERT INTO `game_master_tbl`  (`idg`,  `id_game`, `game_description`, `id_grade`) VALUES (23,'NSF1.1B-G3','Select the missing part - Parts and whole',2);
INSERT INTO `game_master_tbl`  (`idg`,  `id_game`, `game_description`, `id_grade`) VALUES (24,'NSF1.2A-G3','Select the part that is one fourth,half,three fourth of the whole',2);
INSERT INTO `game_master_tbl`  (`idg`,  `id_game`, `game_description`, `id_grade`) VALUES (25,'NSF1.2B-G3','What fraction of the whole does colored part represent?',2);
INSERT INTO `game_master_tbl`  (`idg`,  `id_game`, `game_description`, `id_grade`) VALUES (26,'NSF1.2C-G3','Color the parts to represent 1/4,1/2,3/4 of the whole',2);
INSERT INTO `game_master_tbl`  (`idg`,  `id_game`, `game_description`, `id_grade`) VALUES (27,'ML2.4A-G3','Measure length using standard unit',2);
INSERT INTO `game_master_tbl`  (`idg`,  `id_game`, `game_description`, `id_grade`) VALUES (28,'ML2.4B-G3','Measure length using standard unit',2);
INSERT INTO `game_master_tbl`  (`idg`,  `id_game`, `game_description`, `id_grade`) VALUES (29,'MW3.2B-G3','Simple balance - measuring objects using non standard',2);
INSERT INTO `game_master_tbl`  (`idg`,  `id_game`, `game_description`, `id_grade`) VALUES (30,'MW3.2C-G3','Measuring weight - non standard ',2);
INSERT INTO `game_master_tbl`  (`idg`,  `id_game`, `game_description`, `id_grade`) VALUES (31,'MW3.2D-G3','Measuring weight - non standard ',2);
INSERT INTO `game_master_tbl`  (`idg`,  `id_game`, `game_description`, `id_grade`) VALUES (32,'MW3.3A-G3','Measuring weight - Standard unit-gram',2);
INSERT INTO `game_master_tbl`  (`idg`,  `id_game`, `game_description`, `id_grade`) VALUES (33,'MW3.3B1-G3','Measuring weight - Standard unit-kilogram',2);
INSERT INTO `game_master_tbl`  (`idg`,  `id_game`, `game_description`, `id_grade`) VALUES (34,'MW3.3B2-G3','Measuring weight - Standard unit-gram+kilogram',2);
INSERT INTO `game_master_tbl`  (`idg`,  `id_game`, `game_description`, `id_grade`) VALUES (35,'MT7.1-G3','Parts of clock',2);
INSERT INTO `game_master_tbl`  (`idg`,  `id_game`, `game_description`, `id_grade`) VALUES (36,'MT7.2-G3','Reads the time correct to hour',2);
INSERT INTO `game_master_tbl`  (`idg`,  `id_game`, `game_description`, `id_grade`) VALUES (37,'MV4.1A-G4','Compares using volume',4);
INSERT INTO `game_master_tbl`  (`idg`,  `id_game`, `game_description`, `id_grade`) VALUES (38,'MV4.1B-G4','Orders using volume',4);
INSERT INTO `game_master_tbl`  (`idg`,  `id_game`, `game_description`, `id_grade`) VALUES (39,'MV4.1C-G4','Orders using volume',4);
INSERT INTO `game_master_tbl`  (`idg`,  `id_game`, `game_description`, `id_grade`) VALUES (40,'MV4.2A-G4','Measures using non-standard',4);
INSERT INTO `game_master_tbl`  (`idg`,  `id_game`, `game_description`, `id_grade`) VALUES (41,'MV4.2B-G4','Measures using non-standard',4);
INSERT INTO `game_master_tbl`  (`idg`,  `id_game`, `game_description`, `id_grade`) VALUES (42,'MV4.2C-G4','Measures using non-standard',4);
INSERT INTO `game_master_tbl`  (`idg`,  `id_game`, `game_description`, `id_grade`) VALUES (43,'MV4.3A-G4','Measures using non-standard',4);
INSERT INTO `game_master_tbl`  (`idg`,  `id_game`, `game_description`, `id_grade`) VALUES (44,'MV4.3B-G4','Measures using non-standard',4);
INSERT INTO `game_master_tbl`  (`idg`,  `id_game`, `game_description`, `id_grade`) VALUES (45,'MV4.3C-G4','Measures using standard - ml, l',4);
INSERT INTO `game_master_tbl`  (`idg`,  `id_game`, `game_description`, `id_grade`) VALUES (47,'NSN1.1-G1','Quantity Number Name association -oral number name association',1);
INSERT INTO `game_master_tbl`  (`idg`,  `id_game`, `game_description`, `id_grade`) VALUES (48,'NSN1.2-G1','Quantity Number Name association -representation',1);
INSERT INTO `game_master_tbl`  (`idg`,  `id_game`, `game_description`, `id_grade`) VALUES (49,'NSN1.3-G1','Quantity -Numeral association',1);
INSERT INTO `game_master_tbl`  (`idg`,  `id_game`, `game_description`, `id_grade`) VALUES (50,'NSN1.4-G1','Numeral quantity association',1);
INSERT INTO `game_master_tbl`  (`idg`,  `id_game`, `game_description`, `id_grade`) VALUES (51,'NSN1.5-G1','Numeral quantity association',1);
INSERT INTO `game_master_tbl`  (`idg`,  `id_game`, `game_description`, `id_grade`) VALUES (52,'NSN1.6-G1','Numeral recognition up to 3 digit number',1);
INSERT INTO `game_master_tbl`  (`idg`,  `id_game`, `game_description`, `id_grade`) VALUES (53,'NSN1.7-G1','Tracing the numbers',1);
INSERT INTO `game_master_tbl`  (`idg`,  `id_game`, `game_description`, `id_grade`) VALUES (54,'NSS2.1-G1','Sequence -identifies correct sequence - single digit',1);
INSERT INTO `game_master_tbl`  (`idg`,  `id_game`, `game_description`, `id_grade`) VALUES (55,'NSS2.2-G1','Sequence - Arranging',1);
INSERT INTO `game_master_tbl`  (`idg`,  `id_game`, `game_description`, `id_grade`) VALUES (56,'NSS2.3-G1','Sequence - Missing numbers - single digit',1);
INSERT INTO `game_master_tbl`  (`idg`,  `id_game`, `game_description`, `id_grade`) VALUES (57,'NSS2.4-G1','Sequence - before and after - single digit',1);
INSERT INTO `game_master_tbl`  (`idg`,  `id_game`, `game_description`, `id_grade`) VALUES (58,'NSS2.5-G1','Sequence - between - single digit',1);
INSERT INTO `game_master_tbl`  (`idg`,  `id_game`, `game_description`, `id_grade`) VALUES (59,'NSS2.6-G1','Sequence - missing number puzzle - 1to 20',1);
INSERT INTO `game_master_tbl`  (`idg`,  `id_game`, `game_description`, `id_grade`) VALUES (60,'NSC4.1-G1','Comparision Greater Than  and lesser than with quantity only ',1);
INSERT INTO `game_master_tbl`  (`idg`,  `id_game`, `game_description`, `id_grade`) VALUES (61,'NSC4.2-G1','Comparision equal to with quantity ',1);
INSERT INTO `game_master_tbl`  (`idg`,  `id_game`, `game_description`, `id_grade`) VALUES (62,'NSC4.3-G1','Comparision >, <, = with symbol - 1 to 20',1);
INSERT INTO `game_master_tbl`  (`idg`,  `id_game`, `game_description`, `id_grade`) VALUES (63,'NSC4.4-G1','Comparision Ascending Order - 1 to 20',1);
INSERT INTO `game_master_tbl`  (`idg`,  `id_game`, `game_description`, `id_grade`) VALUES (64,'NSC4.5-G1','Comparision Descending Order - 1to 20',1);
INSERT INTO `game_master_tbl`  (`idg`,  `id_game`, `game_description`, `id_grade`) VALUES (65,'NOA5.1-G1','Addition - small number - max sum is  9 - Show quantity',1);
INSERT INTO `game_master_tbl`  (`idg`,  `id_game`, `game_description`, `id_grade`) VALUES (66,'NOA6.1-G1','Number bonds - fill in the blanks',1);
INSERT INTO `game_master_tbl`  (`idg`,  `id_game`, `game_description`, `id_grade`) VALUES (67,'NOA7.1-G1','Addition with Place Value concrete with rods and cubes - single digit without carry',1);
INSERT INTO `game_master_tbl`  (`idg`,  `id_game`, `game_description`, `id_grade`) VALUES (68,'NOA7.2-G1','Addition with Place Value concrete wth rods and cubes and abstract - single digit with carry',1);
INSERT INTO `game_master_tbl`  (`idg`,  `id_game`, `game_description`, `id_grade`) VALUES (69,'NOS8.1-G1','Subtraction with quantity',1);
INSERT INTO `game_master_tbl`  (`idg`,  `id_game`, `game_description`, `id_grade`) VALUES (70,'NOS9.1-G1','Subtraction and addition',1);
INSERT INTO `game_master_tbl`  (`idg`,  `id_game`, `game_description`, `id_grade`) VALUES (71,'NOS10.1-G1','Subtraction with place value concrete with rods and cubes - single digit without borrow',1);
INSERT INTO `game_master_tbl`  (`idg`,  `id_game`, `game_description`, `id_grade`) VALUES (72,'NOS10.2-G1','Subtraction with place value concrete with rods and cubes - single digits with borrow',1);
INSERT INTO `game_master_tbl`  (`idg`,  `id_game`, `game_description`, `id_grade`) VALUES (73,'NOM11.1-G1','Multiplication using repeated addition with representation',1);
INSERT INTO `game_master_tbl`  (`idg`,  `id_game`, `game_description`, `id_grade`) VALUES (74,'NOM11.2-G1','Multiplication using repeated addition - arranging in a matrix format ',1);
INSERT INTO `game_master_tbl`  (`idg`,  `id_game`, `game_description`, `id_grade`) VALUES (75,'NOM12.3-G1','Multiplication Tables random numbers abstract  - - 1 to 5 tables',1);
INSERT INTO `game_master_tbl`  (`idg`,  `id_game`, `game_description`, `id_grade`) VALUES (76,'NOD16.1-G1','Division by Repeated Subtraction - representation without remainder',1);
INSERT INTO `game_master_tbl`  (`idg`,  `id_game`, `game_description`, `id_grade`) VALUES (77,'NOD16.2-G1','Division by Repeated Subtraction - representation with remainder',1);
INSERT INTO `game_master_tbl`  (`idg`,  `id_game`, `game_description`, `id_grade`) VALUES (78,'NSS2.1-G2','Sequence -identifies correct sequence - two digit',2);
INSERT INTO `game_master_tbl`  (`idg`,  `id_game`, `game_description`, `id_grade`) VALUES (79,'NSS2.2-G2','Sequence -identifies correct sequence - two digit',2);
INSERT INTO `game_master_tbl`  (`idg`,  `id_game`, `game_description`, `id_grade`) VALUES (80,'NSS2.3-G2','Sequence - missing numbers - 2 digit ',2);
INSERT INTO `game_master_tbl`  (`idg`,  `id_game`, `game_description`, `id_grade`) VALUES (81,'NSS2.4-G2','Sequence - before and after - 2 digit',2);
INSERT INTO `game_master_tbl`  (`idg`,  `id_game`, `game_description`, `id_grade`) VALUES (82,'NSS2.5-G2','Sequence - between -2 digit',2);
INSERT INTO `game_master_tbl`  (`idg`,  `id_game`, `game_description`, `id_grade`) VALUES (83,'NSS2.6-G2','Sequence - missing number puzzle - 21 to 99',2);
INSERT INTO `game_master_tbl`  (`idg`,  `id_game`, `game_description`, `id_grade`) VALUES (84,'NSPV3.1-G2','Place Value - Expansion form - 2 digit number',2);
INSERT INTO `game_master_tbl`  (`idg`,  `id_game`, `game_description`, `id_grade`) VALUES (85,'NSPV3.2-G2','Place Value - Identify the place value of a given digit in a number - 2 digit number',2);
INSERT INTO `game_master_tbl`  (`idg`,  `id_game`, `game_description`, `id_grade`) VALUES (86,'NSC4.3-G2','Comparision >, <, = with symbol  - 21- 99',2);
INSERT INTO `game_master_tbl`  (`idg`,  `id_game`, `game_description`, `id_grade`) VALUES (87,'NSC4.4-G2','Comparision Ascending Order  - 21 to 99',2);
INSERT INTO `game_master_tbl`  (`idg`,  `id_game`, `game_description`, `id_grade`) VALUES (88,'NSC4.5-G2','Comparision Descending Order - 21 to 99',2);
INSERT INTO `game_master_tbl`  (`idg`,  `id_game`, `game_description`, `id_grade`) VALUES (89,'NSC4.6-G2','Form biggest and smallest number from given digits - 2 digits',2);
INSERT INTO `game_master_tbl`  (`idg`,  `id_game`, `game_description`, `id_grade`) VALUES (90,'NOA7.1-G2','Addition with Place Value concrete with rods and cubes - without carry 2 digit',2);
INSERT INTO `game_master_tbl`  (`idg`,  `id_game`, `game_description`, `id_grade`) VALUES (91,'NOA7.2-G2','Addition with Place Value concrete wth rods and cubes and abstract - 2 digit with carry',2);
INSERT INTO `game_master_tbl`  (`idg`,  `id_game`, `game_description`, `id_grade`) VALUES (92,'NOS10.1-G2','Subtraction with place value concrete with rods and cubes - two digits without borrow',2);
INSERT INTO `game_master_tbl`  (`idg`,  `id_game`, `game_description`, `id_grade`) VALUES (93,'NOS10.2-G2','Subtraction with place value concrete with rods and cubes - two digits with borrow',2);
INSERT INTO `game_master_tbl`  (`idg`,  `id_game`, `game_description`, `id_grade`) VALUES (94,'NOM12.1-G2','Multiplication Tables with representation and abstract',2);
INSERT INTO `game_master_tbl`  (`idg`,  `id_game`, `game_description`, `id_grade`) VALUES (95,'NOM12.2-G2','Multiplication Tables abstract with fill in the blanks',2);
INSERT INTO `game_master_tbl`  (`idg`,  `id_game`, `game_description`, `id_grade`) VALUES (96,'NOM12.3-G2','Multiplication Tables random numbers abstract  - 6 & 7 tables',2);
INSERT INTO `game_master_tbl`  (`idg`,  `id_game`, `game_description`, `id_grade`) VALUES (97,'NOD15.1-G2','Equal distribution - representation without remainder',2);
INSERT INTO `game_master_tbl`  (`idg`,  `id_game`, `game_description`, `id_grade`) VALUES (98,'NOD15.2-G2','Equal distribution - representation without remainder',2);
INSERT INTO `game_master_tbl`  (`idg`,  `id_game`, `game_description`, `id_grade`) VALUES (99,'NOD16.1-G2','Division by Repeated Subtraction - representation without remainder',2);
INSERT INTO `game_master_tbl`  (`idg`,  `id_game`, `game_description`, `id_grade`) VALUES (100,'NOD16.2-G2','Division by Repeated Subtraction - representation with remainder',2);
INSERT INTO `game_master_tbl`  (`idg`,  `id_game`, `game_description`, `id_grade`) VALUES (101,'NOD16.3-G2','Division using multipication facts ',2);
INSERT INTO `game_master_tbl`  (`idg`,  `id_game`, `game_description`, `id_grade`) VALUES (102,'NOD17.2-G2','Division without remainder 2 digit number',2);
INSERT INTO `game_master_tbl`  (`idg`,  `id_game`, `game_description`, `id_grade`) VALUES (103,'NOD17.3-G2','Division with remainder representation - 2 digit number',2);
INSERT INTO `game_master_tbl`  (`idg`,  `id_game`, `game_description`, `id_grade`) VALUES (104,'NSS2.1-G3','Sequence -identifies correct sequence - three digit - Grade 3',2);
INSERT INTO `game_master_tbl`  (`idg`,  `id_game`, `game_description`, `id_grade`) VALUES (105,'NSS2.2-G3','Sequence -identifies correct sequence - three digit - Grade 3',2);
INSERT INTO `game_master_tbl`  (`idg`,  `id_game`, `game_description`, `id_grade`) VALUES (106,'NSS2.3-G3','Sequence -missing number - 3 digit',2);
INSERT INTO `game_master_tbl`  (`idg`,  `id_game`, `game_description`, `id_grade`) VALUES (107,'NSS2.4-G3','Sequence - before and after - 3 digit',2);
INSERT INTO `game_master_tbl`  (`idg`,  `id_game`, `game_description`, `id_grade`) VALUES (108,'NSS2.5-G3','Sequence - between -3 digit',2);
INSERT INTO `game_master_tbl`  (`idg`,  `id_game`, `game_description`, `id_grade`) VALUES (109,'NSS2.6-G3','Sequence - missing number puzzle - 100 to 999',2);
INSERT INTO `game_master_tbl`  (`idg`,  `id_game`, `game_description`, `id_grade`) VALUES (110,'NSPV3.1-G3','Place Value - Expansion form - 3 digit number',2);
INSERT INTO `game_master_tbl`  (`idg`,  `id_game`, `game_description`, `id_grade`) VALUES (111,'NSPV3.2-G3','Place Value - Identify the place value of a given digit in a number - 3 digit number',2);
INSERT INTO `game_master_tbl`  (`idg`,  `id_game`, `game_description`, `id_grade`) VALUES (112,'NSC4.3-G3','Comparision >, <, = with symbol - 100 - 999',2);
INSERT INTO `game_master_tbl`  (`idg`,  `id_game`, `game_description`, `id_grade`) VALUES (113,'NSC4.4-G3','Comparision Ascending Order - 100- 999',2);
INSERT INTO `game_master_tbl`  (`idg`,  `id_game`, `game_description`, `id_grade`) VALUES (114,'NSC4.5-G3','Comparision Descending Order - 100 - 999',2);
INSERT INTO `game_master_tbl`  (`idg`,  `id_game`, `game_description`, `id_grade`) VALUES (115,'NSC4.6-G3','Form biggest and smallest number from given digits - 3 digits',2);
INSERT INTO `game_master_tbl`  (`idg`,  `id_game`, `game_description`, `id_grade`) VALUES (116,'NOA7.1-G3','Addition with Place Value concrete with rods and cubes -without carry 3 digit',2);
INSERT INTO `game_master_tbl`  (`idg`,  `id_game`, `game_description`, `id_grade`) VALUES (117,'NOA7.2-G3','Addition with Place Value concrete wth rods and cubes and abstract - 3 digit with carry',2);
INSERT INTO `game_master_tbl`  (`idg`,  `id_game`, `game_description`, `id_grade`) VALUES (118,'NOS10.1-G3','Subtraction with place value concrete with rods and cubes - three digits without borrow',2);
INSERT INTO `game_master_tbl`  (`idg`,  `id_game`, `game_description`, `id_grade`) VALUES (119,'NOS10.2-G3','Subtraction with place value concrete with rods and cubes - three digits with borrow',2);
INSERT INTO `game_master_tbl`  (`idg`,  `id_game`, `game_description`, `id_grade`) VALUES (120,'NOM12.3-G3','Multiplication Tables random numbers abstract  - 8 & 9 tables',2);
INSERT INTO `game_master_tbl`  (`idg`,  `id_game`, `game_description`, `id_grade`) VALUES (121,'NOM13.1-G3','Multiplication Grid - commutative law - Multiplication grid',2);
INSERT INTO `game_master_tbl`  (`idg`,  `id_game`, `game_description`, `id_grade`) VALUES (122,'NOM14.1-G3','Long multiplication - area method representation',2);
INSERT INTO `game_master_tbl`  (`idg`,  `id_game`, `game_description`, `id_grade`) VALUES (123,'NOM14.2-G3','Long multiplication - area method representation',2);
INSERT INTO `game_master_tbl`  (`idg`,  `id_game`, `game_description`, `id_grade`) VALUES (124,'NOD16.1-G3','Division by Repeated Subtraction - representation without remainder',2);
INSERT INTO `game_master_tbl`  (`idg`,  `id_game`, `game_description`, `id_grade`) VALUES (125,'NOD16.2-G3','Division by Repeated Subtraction - representation with remainder',2);
INSERT INTO `game_master_tbl`  (`idg`,  `id_game`, `game_description`, `id_grade`) VALUES (126,'NOD16.3-G3','Division using multipication facts ',2);
INSERT INTO `game_master_tbl`  (`idg`,  `id_game`, `game_description`, `id_grade`) VALUES (127,'NOD17.2-G3','Division without remainder 2 digit number',2);
INSERT INTO `game_master_tbl`  (`idg`,  `id_game`, `game_description`, `id_grade`) VALUES (128,'NOD17.3-G3','Division with remainder representation - 2 digit number',2);

INSERT INTO `game_master_tbl`  (`idg`,  `id_game`, `game_description`, `id_grade`) VALUES (129,'NSF1.1A-G1','Identifying equal parts',1);
INSERT INTO `game_master_tbl`  (`idg`,  `id_game`, `game_description`, `id_grade`) VALUES (130,'NSF1.2A-G1','Identifying equal parts',1);
INSERT INTO `game_master_tbl`  (`idg`,  `id_game`, `game_description`, `id_grade`) VALUES (131,'NSF1.2B-G1','Identifying equal parts',1);
INSERT INTO `game_master_tbl`  (`idg`,  `id_game`, `game_description`, `id_grade`) VALUES (132,'NSF1.1A-G2','Identifying equal parts',2);
INSERT INTO `game_master_tbl`  (`idg`,  `id_game`, `game_description`, `id_grade`) VALUES (133,'NSF1.2A-G2','Identifying equal parts',2);
INSERT INTO `game_master_tbl`  (`idg`,  `id_game`, `game_description`, `id_grade`) VALUES (134,'NSF1.2B-G2','Identifying equal parts',2);
INSERT INTO `game_master_tbl`  (`idg`,  `id_game`, `game_description`, `id_grade`) VALUES (135,'NSF1.1B-G3','Identifying equal parts',3);
INSERT INTO `game_master_tbl`  (`idg`,  `id_game`, `game_description`, `id_grade`) VALUES (136,'NSF1.3A-G3','Identifying equal parts',3);
INSERT INTO `game_master_tbl`  (`idg`,  `id_game`, `game_description`, `id_grade`) VALUES (137,'NSF1.3B-G3','Identifying equal parts',3);
INSERT INTO `game_master_tbl`  (`idg`,  `id_game`, `game_description`, `id_grade`) VALUES (138,'NSF1.4-G3','Select the part that is one fourth,half,three fourth of the whole',3);
INSERT INTO `game_master_tbl`  (`idg`,  `id_game`, `game_description`, `id_grade`) VALUES (139,'NSS2.1A-G1','Identify the sequence –backward counting',1);
INSERT INTO `game_master_tbl`  (`idg`,  `id_game`, `game_description`, `id_grade`) VALUES (140,'NSS2.2A-G1','Arrange the sequence – backward counting',1);
INSERT INTO `game_master_tbl`  (`idg`,  `id_game`, `game_description`, `id_grade`) VALUES (141,'NSS2.3A-G1','Backward counting – missing number',1);
INSERT INTO `game_master_tbl`  (`idg`,  `id_game`, `game_description`, `id_grade`) VALUES (142,'NSS2.4A-G1','Before and After number – Backward counting',1);
INSERT INTO `game_master_tbl`  (`idg`,  `id_game`, `game_description`, `id_grade`) VALUES (143,'NSS2.5A-G1','Middle number backward',1);
INSERT INTO `game_master_tbl`  (`idg`,  `id_game`, `game_description`, `id_grade`) VALUES (144,'NSS2.1A-G2','Identify the sequence –backward counting',2);
INSERT INTO `game_master_tbl`  (`idg`,  `id_game`, `game_description`, `id_grade`) VALUES (145,'NSS2.2A-G2','Arrange the sequence – backward counting',2);
INSERT INTO `game_master_tbl`  (`idg`,  `id_game`, `game_description`, `id_grade`) VALUES (146,'NSS2.3A-G2','Backward counting – missing number',2);
INSERT INTO `game_master_tbl`  (`idg`,  `id_game`, `game_description`, `id_grade`) VALUES (147,'NSS2.4A-G2','Before and After number – Backward counting',2);
INSERT INTO `game_master_tbl`  (`idg`,  `id_game`, `game_description`, `id_grade`) VALUES (148,'NSS2.5A-G2','Middle number backward',2);
INSERT INTO `game_master_tbl`  (`idg`,  `id_game`, `game_description`, `id_grade`) VALUES (149,'NSS2.1A-G3','Identify the sequence –backward counting',3);
INSERT INTO `game_master_tbl`  (`idg`,  `id_game`, `game_description`, `id_grade`) VALUES (150,'NSS2.2A-G3','Arrange the sequence – backward counting',3);
INSERT INTO `game_master_tbl`  (`idg`,  `id_game`, `game_description`, `id_grade`) VALUES (151,'NSS2.3A-G3','Backward counting – missing number',3);
INSERT INTO `game_master_tbl`  (`idg`,  `id_game`, `game_description`, `id_grade`) VALUES (152,'NSS2.4A-G3','Before and After number – Backward counting',3);
INSERT INTO `game_master_tbl`  (`idg`,  `id_game`, `game_description`, `id_grade`) VALUES (153,'NSS2.5A-G3','Middle number backward',3);
INSERT INTO `game_master_tbl`  (`idg`,  `id_game`, `game_description`, `id_grade`) VALUES (154,'NSS2.7-G3','Skip counting – forward – multiples of 2,4,5,10',3);
INSERT INTO `game_master_tbl`  (`idg`,  `id_game`, `game_description`, `id_grade`) VALUES (155,'NSS2.7A-G3','Skip counting – backward – multiples of 2,4,5,10',3);
INSERT INTO `game_master_tbl`  (`idg`,  `id_game`, `game_description`, `id_grade`) VALUES (156,'NSPV3.1A-G1','Units and grouping by tens',1);
INSERT INTO `game_master_tbl`  (`idg`,  `id_game`, `game_description`, `id_grade`) VALUES (157,'NSPV3.1B-G1','Tens and 1’s',1);
INSERT INTO `game_master_tbl`  (`idg`,  `id_game`, `game_description`, `id_grade`) VALUES (158,'NSC4.1A-G1','One on one correspondence',1);
INSERT INTO `game_master_tbl`  (`idg`,  `id_game`, `game_description`, `id_grade`) VALUES (159,'NSC4.2A-G2','Concrete comparison of 2 digits',2);
INSERT INTO `game_master_tbl`  (`idg`,  `id_game`, `game_description`, `id_grade`) VALUES (160,'NSC4.2A-G3','Concrete comparison of 3 digits',3);


INSERT INTO `concept_tbl` (`id_concept`,`description`) VALUES (1, 'Number Sense' );
INSERT INTO `concept_tbl` (`id_concept`,`description`) VALUES (2, 'Number Operations' );
INSERT INTO `concept_tbl` (`id_concept`,`description`) VALUES (3, 'Shapes' );
INSERT INTO `concept_tbl` (`id_concept`,`description`) VALUES (4, 'Measurements' );
INSERT INTO `concept_tbl` (`id_concept`,`description`) VALUES (5, 'Data Handling' );



INSERT INTO `microconcept_group_tbl`  (`idmcg`,`description`, `id_concept`) VALUES (1,'Numbers',1);
INSERT INTO `microconcept_group_tbl`  (`idmcg`,`description`, `id_concept`) VALUES (2,'Sequence',1);
INSERT INTO `microconcept_group_tbl`  (`idmcg`,`description`, `id_concept`) VALUES (3,'Comparision',1);
INSERT INTO `microconcept_group_tbl`  (`idmcg`,`description`, `id_concept`) VALUES (4,'Place Value',1);
INSERT INTO `microconcept_group_tbl`  (`idmcg`,`description`, `id_concept`) VALUES (5,'Fractions',1);
INSERT INTO `microconcept_group_tbl`  (`idmcg`,`description`, `id_concept`) VALUES (6,'Number patterns',1);
INSERT INTO `microconcept_group_tbl`  (`idmcg`,`description`, `id_concept`) VALUES (7,'Decimals',1);
INSERT INTO `microconcept_group_tbl`  (`idmcg`,`description`, `id_concept`) VALUES (8,'Spatial Reln',3);
INSERT INTO `microconcept_group_tbl`  (`idmcg`,`description`, `id_concept`) VALUES (9,'Solid shapes',3);
INSERT INTO `microconcept_group_tbl`  (`idmcg`,`description`, `id_concept`) VALUES (10,'Flat shapes',3);
INSERT INTO `microconcept_group_tbl`  (`idmcg`,`description`, `id_concept`) VALUES (11,'Patterns in shapes',3);
INSERT INTO `microconcept_group_tbl`  (`idmcg`,`description`, `id_concept`) VALUES (12,'Mensuration',3);
INSERT INTO `microconcept_group_tbl`  (`idmcg`,`description`, `id_concept`) VALUES (13,'Money',4);
INSERT INTO `microconcept_group_tbl`  (`idmcg`,`description`, `id_concept`) VALUES (14,'Length',4);
INSERT INTO `microconcept_group_tbl`  (`idmcg`,`description`, `id_concept`) VALUES (15,'Weight',4);
INSERT INTO `microconcept_group_tbl`  (`idmcg`,`description`, `id_concept`) VALUES (16,'Volume',4);
INSERT INTO `microconcept_group_tbl`  (`idmcg`,`description`, `id_concept`) VALUES (17,'Time',4);
INSERT INTO `microconcept_group_tbl`  (`idmcg`,`description`, `id_concept`) VALUES (18,'Data Collection',5);
INSERT INTO `microconcept_group_tbl`  (`idmcg`,`description`, `id_concept`) VALUES (19,'Data Tabulation',5);
INSERT INTO `microconcept_group_tbl`  (`idmcg`,`description`, `id_concept`) VALUES (20,'Data Representation',5);
INSERT INTO `microconcept_group_tbl`  (`idmcg`,`description`, `id_concept`) VALUES (21,'Data Interpretation',5);
INSERT INTO `microconcept_group_tbl`  (`idmcg`,`description`, `id_concept`) VALUES (22,'Addition',2);
INSERT INTO `microconcept_group_tbl`  (`idmcg`,`description`, `id_concept`) VALUES (23,'Subtraction',2);
INSERT INTO `microconcept_group_tbl`  (`idmcg`,`description`, `id_concept`) VALUES (24,'Multiplication',2);
INSERT INTO `microconcept_group_tbl`  (`idmcg`,`description`, `id_concept`) VALUES (25,'Division',2);


INSERT INTO  `micro_concept_tbl`   (`id_micro_concept`,`description`, `id_concept`, `idmcg`) VALUES (1,'Number - Fractions - Compare Fractions',1,1);
INSERT INTO  `micro_concept_tbl`   (`id_micro_concept`,`description`, `id_concept`, `idmcg`) VALUES (2,'Number - Fractions - Equivalent Fractions',1,1);
INSERT INTO  `micro_concept_tbl`   (`id_micro_concept`,`description`, `id_concept`, `idmcg`) VALUES (3,'Number - Fractions - Part of a whole object (2D shapes) - Fractions',1,1);
INSERT INTO  `micro_concept_tbl`   (`id_micro_concept`,`description`, `id_concept`, `idmcg`) VALUES (4,'Number - Fractions to Quantities - Volume',1,1);
INSERT INTO  `micro_concept_tbl`   (`id_micro_concept`,`description`, `id_concept`, `idmcg`) VALUES (5,'Number - Fractions to Quantities - Weight',1,1);
INSERT INTO  `micro_concept_tbl`   (`id_micro_concept`,`description`, `id_concept`, `idmcg`) VALUES (6,'Number Fractions - Fractions in collection of objects',1,1);
INSERT INTO  `micro_concept_tbl`   (`id_micro_concept`,`description`, `id_concept`, `idmcg`) VALUES (7,'Number Fractions - Fractions with Quantity and Pictures',1,1);
INSERT INTO  `micro_concept_tbl`   (`id_micro_concept`,`description`, `id_concept`, `idmcg`) VALUES (8,'Number Fractions - Greater Than, Equal to and lesser than with Fractional numbers',1,1);
INSERT INTO  `micro_concept_tbl`   (`id_micro_concept`,`description`, `id_concept`, `idmcg`) VALUES (9,'Number Comparision - Form biggest, smallest number from given set of digits',1,3);
INSERT INTO  `micro_concept_tbl`   (`id_micro_concept`,`description`, `id_concept`, `idmcg`) VALUES (10,'Number Comparision - Greater Than, Equal to and lesser than with Numbers only',1,3);
INSERT INTO  `micro_concept_tbl`   (`id_micro_concept`,`description`, `id_concept`, `idmcg`) VALUES (11,'Number Comparision - Greater Than, Equal to and lesser than with Quantity only',1,3);
INSERT INTO  `micro_concept_tbl`   (`id_micro_concept`,`description`, `id_concept`, `idmcg`) VALUES (12,'Number Decimals - Representation of Decimal numbers using Math TLMs',1,7);
INSERT INTO  `micro_concept_tbl`   (`id_micro_concept`,`description`, `id_concept`, `idmcg`) VALUES (13,'Number Decimals - Rounding off the Decimal numbers to the closest next place value',1,7);
INSERT INTO  `micro_concept_tbl`   (`id_micro_concept`,`description`, `id_concept`, `idmcg`) VALUES (14,'Number Patterns - Number patterns with logic',1,6);
INSERT INTO  `micro_concept_tbl`   (`id_micro_concept`,`description`, `id_concept`, `idmcg`) VALUES (15,'Number Patterns - Observes and extends patterns in sequence of number.',1,6);
INSERT INTO  `micro_concept_tbl`   (`id_micro_concept`,`description`, `id_concept`, `idmcg`) VALUES (16,'Number Patterns - Skip counting using number patterns',1,6);
INSERT INTO  `micro_concept_tbl`   (`id_micro_concept`,`description`, `id_concept`, `idmcg`) VALUES (17,'Number Place Value - Counts and regroups objects into tens and ones',1,4);
INSERT INTO  `micro_concept_tbl`   (`id_micro_concept`,`description`, `id_concept`, `idmcg`) VALUES (18,'Number Place Value - Identify place value for a given number',1,4);
INSERT INTO  `micro_concept_tbl`   (`id_micro_concept`,`description`, `id_concept`, `idmcg`) VALUES (19,'Number Place Value - Identify place value for a given number using math TLMs',1,4);
INSERT INTO  `micro_concept_tbl`   (`id_micro_concept`,`description`, `id_concept`, `idmcg`) VALUES (20,'Number Place Value - Place Value for Decimal numbers',1,4);
INSERT INTO  `micro_concept_tbl`   (`id_micro_concept`,`description`, `id_concept`, `idmcg`) VALUES (21,'Number place Value - Representation in Units,Tens,Hundreds',1,4);
INSERT INTO  `micro_concept_tbl`   (`id_micro_concept`,`description`, `id_concept`, `idmcg`) VALUES (22,'Number PlaceValue - Expansion form and Short form of numbers',1,4);
INSERT INTO  `micro_concept_tbl`   (`id_micro_concept`,`description`, `id_concept`, `idmcg`) VALUES (23,'Number Sense - Decimals using pictures',1,7);
INSERT INTO  `micro_concept_tbl`   (`id_micro_concept`,`description`, `id_concept`, `idmcg`) VALUES (24,'Number Sense - Fractions using pictures',1,5);
INSERT INTO  `micro_concept_tbl`   (`id_micro_concept`,`description`, `id_concept`, `idmcg`) VALUES (25,'Number sense - Numeral quantity association',1,1);
INSERT INTO  `micro_concept_tbl`   (`id_micro_concept`,`description`, `id_concept`, `idmcg`) VALUES (26,'Number sense -Quantity Numeral  association',1,1);
INSERT INTO  `micro_concept_tbl`   (`id_micro_concept`,`description`, `id_concept`, `idmcg`) VALUES (27,'Number Sense - Odd Number and Even Numbers',1,1);
INSERT INTO  `micro_concept_tbl`   (`id_micro_concept`,`description`, `id_concept`, `idmcg`) VALUES (28,'Number Sense - Relate Fractions to Decimal numbers and vice versa',1,7);
INSERT INTO  `micro_concept_tbl`   (`id_micro_concept`,`description`, `id_concept`, `idmcg`) VALUES (29,'Number Sense- Oral number name association',1,1);
INSERT INTO  `micro_concept_tbl`   (`id_micro_concept`,`description`, `id_concept`, `idmcg`) VALUES (30,'Number Sequence - Backward',1,2);
INSERT INTO  `micro_concept_tbl`   (`id_micro_concept`,`description`, `id_concept`, `idmcg`) VALUES (31,'Number Sequence - Before and After',1,2);
INSERT INTO  `micro_concept_tbl`   (`id_micro_concept`,`description`, `id_concept`, `idmcg`) VALUES (32,'Number Sequence - Between',1,2);
INSERT INTO  `micro_concept_tbl`   (`id_micro_concept`,`description`, `id_concept`, `idmcg`) VALUES (33,'Number Sequence - Missing number',1,2);
INSERT INTO  `micro_concept_tbl`   (`id_micro_concept`,`description`, `id_concept`, `idmcg`) VALUES (34,'Number Sequence - Skip counting',1,2);
INSERT INTO  `micro_concept_tbl`   (`id_micro_concept`,`description`, `id_concept`, `idmcg`) VALUES (35,'Number Sequence-Greater Than and lesser than',1,2);
INSERT INTO  `micro_concept_tbl`   (`id_micro_concept`,`description`, `id_concept`, `idmcg`) VALUES (36,'Number Sequence-Arranging in Ascending or Descending order',1,2);
INSERT INTO  `micro_concept_tbl`   (`id_micro_concept`,`description`, `id_concept`, `idmcg`) VALUES (37,'Number Sequence-Identify and Represent number sequence',1,2);
INSERT INTO  `micro_concept_tbl`   (`id_micro_concept`,`description`, `id_concept`, `idmcg`) VALUES (38,'Number Operations - Add using pictures',2,22);
INSERT INTO  `micro_concept_tbl`   (`id_micro_concept`,`description`, `id_concept`, `idmcg`) VALUES (39,'Number Operations - Addition - word problem',2,22);
INSERT INTO  `micro_concept_tbl`   (`id_micro_concept`,`description`, `id_concept`, `idmcg`) VALUES (40,'Number Operations - Addition of  numbers having a Zero digit in it',2,22);
INSERT INTO  `micro_concept_tbl`   (`id_micro_concept`,`description`, `id_concept`, `idmcg`) VALUES (41,'Number Operations - Addition with Carry (Abstract)',2,22);
INSERT INTO  `micro_concept_tbl`   (`id_micro_concept`,`description`, `id_concept`, `idmcg`) VALUES (42,'Number Operations - Addition with Place Value using the TLMs in Kit (with carry)',2,22);
INSERT INTO  `micro_concept_tbl`   (`id_micro_concept`,`description`, `id_concept`, `idmcg`) VALUES (43,'Number Operations- Addition with Place Value using the TLMs in Kit (without carry)',2,22);
INSERT INTO  `micro_concept_tbl`   (`id_micro_concept`,`description`, `id_concept`, `idmcg`) VALUES (44,'Number Operations - Addition without Carry (Abstract)',2,22);
INSERT INTO  `micro_concept_tbl`   (`id_micro_concept`,`description`, `id_concept`, `idmcg`) VALUES (45,'Number Operations - Collection of objects and number recognition (collection to Numbers and visa versa)',2,22);
INSERT INTO  `micro_concept_tbl`   (`id_micro_concept`,`description`, `id_concept`, `idmcg`) VALUES (46,'Number Operations - Commutative property of Addition (a+b=b+a)',2,22);
INSERT INTO  `micro_concept_tbl`   (`id_micro_concept`,`description`, `id_concept`, `idmcg`) VALUES (47,'Number Operations - Factors and Multiples',2,24);
INSERT INTO  `micro_concept_tbl`   (`id_micro_concept`,`description`, `id_concept`, `idmcg`) VALUES (48,'Number Operations - Grouping by Tens',2,22);
INSERT INTO  `micro_concept_tbl`   (`id_micro_concept`,`description`, `id_concept`, `idmcg`) VALUES (49,'Number Operations - Division with repeated subtraction',2,25);
INSERT INTO  `micro_concept_tbl`   (`id_micro_concept`,`description`, `id_concept`, `idmcg`) VALUES (50,'Number Operations - Long Division with Reminder',2,25);
INSERT INTO  `micro_concept_tbl`   (`id_micro_concept`,`description`, `id_concept`, `idmcg`) VALUES (51,'Number Operations - Long Division without Reminder',2,25);
INSERT INTO  `micro_concept_tbl`   (`id_micro_concept`,`description`, `id_concept`, `idmcg`) VALUES (52,'Number Operations - Division - word problem',2,25);
INSERT INTO  `micro_concept_tbl`   (`id_micro_concept`,`description`, `id_concept`, `idmcg`) VALUES (53,'Number Operations - Division by Multiplication (a/b=c then a=bxc)',2,25);
INSERT INTO  `micro_concept_tbl`   (`id_micro_concept`,`description`, `id_concept`, `idmcg`) VALUES (54,'Number Operations - Division using the TLM (Money, Base 10 block, counters)',2,25);
INSERT INTO  `micro_concept_tbl`   (`id_micro_concept`,`description`, `id_concept`, `idmcg`) VALUES (55,'Number Operations - Long Multiplication (Abstract)',2,24);
INSERT INTO  `micro_concept_tbl`   (`id_micro_concept`,`description`, `id_concept`, `idmcg`) VALUES (56,'Number Operations - Mental Math - Add multiples of 100s, 10s',2,24);
INSERT INTO  `micro_concept_tbl`   (`id_micro_concept`,`description`, `id_concept`, `idmcg`) VALUES (57,'Number Operations - Mental Math - Subtract multiples of 10, 100s',2,24);
INSERT INTO  `micro_concept_tbl`   (`id_micro_concept`,`description`, `id_concept`, `idmcg`) VALUES (58,'Number Operations - Multiplication - Repeated Addition',2,24);
INSERT INTO  `micro_concept_tbl`   (`id_micro_concept`,`description`, `id_concept`, `idmcg`) VALUES (59,'Number Operations - Multiplication - area method (TLM)',2,24);
INSERT INTO  `micro_concept_tbl`   (`id_micro_concept`,`description`, `id_concept`, `idmcg`) VALUES (60,'Number Operations - Multiplication - commutative law (axb=bxa)',2,24);
INSERT INTO  `micro_concept_tbl`   (`id_micro_concept`,`description`, `id_concept`, `idmcg`) VALUES (61,'Number Operations - Multiplication - word problem',2,24);
INSERT INTO  `micro_concept_tbl`   (`id_micro_concept`,`description`, `id_concept`, `idmcg`) VALUES (62,'Number Operations - Multiply and Divide by 10s, 100s and 1000s',2,24);
INSERT INTO  `micro_concept_tbl`   (`id_micro_concept`,`description`, `id_concept`, `idmcg`) VALUES (63,'Number Operations - Number Bonds - Addition',2,22);
INSERT INTO  `micro_concept_tbl`   (`id_micro_concept`,`description`, `id_concept`, `idmcg`) VALUES (64,'Number Operations - Number Bonds - Subtraction',2,23);
INSERT INTO  `micro_concept_tbl`   (`id_micro_concept`,`description`, `id_concept`, `idmcg`) VALUES (65,'Number Operations - Subtraction - word problem',2,23);
INSERT INTO  `micro_concept_tbl`   (`id_micro_concept`,`description`, `id_concept`, `idmcg`) VALUES (66,'Number Operations - Subtraction of  numbers having a Zero digit in it',2,23);
INSERT INTO  `micro_concept_tbl`   (`id_micro_concept`,`description`, `id_concept`, `idmcg`) VALUES (67,'Number Operations - Subtraction with Borrow (Abstratct)',2,23);
INSERT INTO  `micro_concept_tbl`   (`id_micro_concept`,`description`, `id_concept`, `idmcg`) VALUES (68,'Number Operations - Subtraction with Place Value using the TLMs in Kit (with borrow)',2,23);
INSERT INTO  `micro_concept_tbl`   (`id_micro_concept`,`description`, `id_concept`, `idmcg`) VALUES (69,'Number Operations - Subtraction with Place Value using the TLMs in Kit (without borrow)',2,23);
INSERT INTO  `micro_concept_tbl`   (`id_micro_concept`,`description`, `id_concept`, `idmcg`) VALUES (70,'Number Operations - Subtraction without Borrow (Abstratct)',2,23);
INSERT INTO  `micro_concept_tbl`   (`id_micro_concept`,`description`, `id_concept`, `idmcg`) VALUES (71,'Measurements  - Length  -Convert larger units to smaller units and vice versa - Length',4,14);
INSERT INTO  `micro_concept_tbl`   (`id_micro_concept`,`description`, `id_concept`, `idmcg`) VALUES (72,'Measurements - Length - Seriates using length',4,14);
INSERT INTO  `micro_concept_tbl`   (`id_micro_concept`,`description`, `id_concept`, `idmcg`) VALUES (73,'Measurements - Length Measure using non-standard units',4,14);
INSERT INTO  `micro_concept_tbl`   (`id_micro_concept`,`description`, `id_concept`, `idmcg`) VALUES (74,'Measurements- Length Measure length using standard unit',4,14);
INSERT INTO  `micro_concept_tbl`   (`id_micro_concept`,`description`, `id_concept`, `idmcg`) VALUES (75,'Measurements - Length Word Problem - Measurements - Four Arithmetic operations on Length',4,14);
INSERT INTO  `micro_concept_tbl`   (`id_micro_concept`,`description`, `id_concept`, `idmcg`) VALUES (76,'Measurements - Money - Convert larger units to smaller units and vice versa - Money',4,13);
INSERT INTO  `micro_concept_tbl`   (`id_micro_concept`,`description`, `id_concept`, `idmcg`) VALUES (77,'Measurements - Money - Decimals and Fractions in Money',4,13);
INSERT INTO  `micro_concept_tbl`   (`id_micro_concept`,`description`, `id_concept`, `idmcg`) VALUES (78,'Measurements - Money - Identify Currency Notes and Coins',4,13);
INSERT INTO  `micro_concept_tbl`   (`id_micro_concept`,`description`, `id_concept`, `idmcg`) VALUES (79,'Measurements - Money - Rate Chart or Invoice or expense sheet - Money',4,13);
INSERT INTO  `micro_concept_tbl`   (`id_micro_concept`,`description`, `id_concept`, `idmcg`) VALUES (80,'Measurements - Money - Word Problem - Measurements - Money',4,13);
INSERT INTO  `micro_concept_tbl`   (`id_micro_concept`,`description`, `id_concept`, `idmcg`) VALUES (81,'Measurements - Money-Tabulation using Money  (word problem)',4,13);
INSERT INTO  `micro_concept_tbl`   (`id_micro_concept`,`description`, `id_concept`, `idmcg`) VALUES (82,'Measurements - Time - Days of the Week',4,17);
INSERT INTO  `micro_concept_tbl`   (`id_micro_concept`,`description`, `id_concept`, `idmcg`) VALUES (83,'Measurements - Time -Seasons',4,17);
INSERT INTO  `micro_concept_tbl`   (`id_micro_concept`,`description`, `id_concept`, `idmcg`) VALUES (84,'Measurements - Time -Months of the year',4,17);
INSERT INTO  `micro_concept_tbl`   (`id_micro_concept`,`description`, `id_concept`, `idmcg`) VALUES (85,'Measurements - Time -Parts of calendar',4,17);
INSERT INTO  `micro_concept_tbl`   (`id_micro_concept`,`description`, `id_concept`, `idmcg`) VALUES (86,'Measurements - Time -Reading a calendar ',4,17);
INSERT INTO  `micro_concept_tbl`   (`id_micro_concept`,`description`, `id_concept`, `idmcg`) VALUES (87,'Measurements - Time - Parts of the clock',4,17);
INSERT INTO  `micro_concept_tbl`   (`id_micro_concept`,`description`, `id_concept`, `idmcg`) VALUES (88,'Measurements - Time - Read Time',4,17);
INSERT INTO  `micro_concept_tbl`   (`id_micro_concept`,`description`, `id_concept`, `idmcg`) VALUES (89,'Measurements  - Time - AM and PM in Time',4,17);
INSERT INTO  `micro_concept_tbl`   (`id_micro_concept`,`description`, `id_concept`, `idmcg`) VALUES (90,'Measurements - Time - Subtraction of Time',4,17);
INSERT INTO  `micro_concept_tbl`   (`id_micro_concept`,`description`, `id_concept`, `idmcg`) VALUES (91,'Measurements - Time - Week, Month and Year concepts',4,17);
INSERT INTO  `micro_concept_tbl`   (`id_micro_concept`,`description`, `id_concept`, `idmcg`) VALUES (92,'Measurements - Time - Word Problem - Measurements - Time',4,17);
INSERT INTO  `micro_concept_tbl`   (`id_micro_concept`,`description`, `id_concept`, `idmcg`) VALUES (93,'Measurements - Time-Convert 24 hours to 12 hours and vice versa',4,17);
INSERT INTO  `micro_concept_tbl`   (`id_micro_concept`,`description`, `id_concept`, `idmcg`) VALUES (94,'Measurements- Time - Addition of Time',4,17);
INSERT INTO  `micro_concept_tbl`   (`id_micro_concept`,`description`, `id_concept`, `idmcg`) VALUES (95,'Measurements - Volume - Compares using volume',4,16);
INSERT INTO  `micro_concept_tbl`   (`id_micro_concept`,`description`, `id_concept`, `idmcg`) VALUES (96,'Measurements - Volume - Orders using volume',4,16);
INSERT INTO  `micro_concept_tbl`   (`id_micro_concept`,`description`, `id_concept`, `idmcg`) VALUES (97,'Measurements - Volume - Measures using non-standard',4,16);
INSERT INTO  `micro_concept_tbl`   (`id_micro_concept`,`description`, `id_concept`, `idmcg`) VALUES (98,'Measurements - Volume - Measures using standard',4,16);
INSERT INTO  `micro_concept_tbl`   (`id_micro_concept`,`description`, `id_concept`, `idmcg`) VALUES (99,'Measurements - Volume - Convert larger units to smaller units and vice versa - Volume',4,16);
INSERT INTO  `micro_concept_tbl`   (`id_micro_concept`,`description`, `id_concept`, `idmcg`) VALUES (100,'Measurements - Volume - Word Problem - Measurements - Volume',4,16);
INSERT INTO  `micro_concept_tbl`   (`id_micro_concept`,`description`, `id_concept`, `idmcg`) VALUES (101,'Measurements - Volume -Decimals and Fractions in Volume',4,16);
INSERT INTO  `micro_concept_tbl`   (`id_micro_concept`,`description`, `id_concept`, `idmcg`) VALUES (102,'Measurements - Weight - Word Problem - Measurements - Weight',4,15);
INSERT INTO  `micro_concept_tbl`   (`id_micro_concept`,`description`, `id_concept`, `idmcg`) VALUES (103,'Measurements  - Weight - Convert larger units to smaller units  and vice versa - Weight',4,15);
INSERT INTO  `micro_concept_tbl`   (`id_micro_concept`,`description`, `id_concept`, `idmcg`) VALUES (104,'Measurements  - Weight -Compares weight - heavy,light',4,15);
INSERT INTO  `micro_concept_tbl`   (`id_micro_concept`,`description`, `id_concept`, `idmcg`) VALUES (105,'Measurements  - Weight -Compares weight using measuring scale',4,15);
INSERT INTO  `micro_concept_tbl`   (`id_micro_concept`,`description`, `id_concept`, `idmcg`) VALUES (106,'Measurements  - Weight -Simple balance - measuring objects using non standard',4,15);
INSERT INTO  `micro_concept_tbl`   (`id_micro_concept`,`description`, `id_concept`, `idmcg`) VALUES (107,'Measurements  - Weight -Measuring weight - non standard',4,15);
INSERT INTO  `micro_concept_tbl`   (`id_micro_concept`,`description`, `id_concept`, `idmcg`) VALUES (108,'Measurements  - Weight-Measuring weight - standard',4,15);
INSERT INTO  `micro_concept_tbl`   (`id_micro_concept`,`description`, `id_concept`, `idmcg`) VALUES (109,'Measurements Length  - Decimals and Fractions in Length',4,14);
INSERT INTO  `micro_concept_tbl`   (`id_micro_concept`,`description`, `id_concept`, `idmcg`) VALUES (110,'Measurements-Length - Tabulation using Length  (word problem)',4,14);
INSERT INTO  `micro_concept_tbl`   (`id_micro_concept`,`description`, `id_concept`, `idmcg`) VALUES (111,'Shapes- 2-D shapes attributes',3,10);
INSERT INTO  `micro_concept_tbl`   (`id_micro_concept`,`description`, `id_concept`, `idmcg`) VALUES (112,'Shapes - Spatial relation shapes - up, down, inside, outside, above, below, near, far, before and after, on and in',3,8);
INSERT INTO  `micro_concept_tbl`   (`id_micro_concept`,`description`, `id_concept`, `idmcg`) VALUES (113,'Shapes - Spatial relation Numbers - more, less, near, far, before and after',3,8);
INSERT INTO  `micro_concept_tbl`   (`id_micro_concept`,`description`, `id_concept`, `idmcg`) VALUES (114,'Shapes - 3-D shapes attributes',3,9);
INSERT INTO  `micro_concept_tbl`   (`id_micro_concept`,`description`, `id_concept`, `idmcg`) VALUES (115,'Shapes - 3-D shapes and 2-D shapes relationship',3,9);
INSERT INTO  `micro_concept_tbl`   (`id_micro_concept`,`description`, `id_concept`, `idmcg`) VALUES (116,'Shapes - 2-D shapes - Area',3,12);
INSERT INTO  `micro_concept_tbl`   (`id_micro_concept`,`description`, `id_concept`, `idmcg`) VALUES (117,'Shapes - sequence -Observes and extends patterns in sequence of shapes',3,11);
INSERT INTO  `micro_concept_tbl`   (`id_micro_concept`,`description`, `id_concept`, `idmcg`) VALUES (118,'Shapes - Fractions -Shade tiles in a collection of tiles to show fraction',3,11);
INSERT INTO  `micro_concept_tbl`   (`id_micro_concept`,`description`, `id_concept`, `idmcg`) VALUES (119,'Shapes - Symmetry and mirror image',3,11);
INSERT INTO  `micro_concept_tbl`   (`id_micro_concept`,`description`, `id_concept`, `idmcg`) VALUES (120,'Shapes - Angles',3,12);
INSERT INTO  `micro_concept_tbl`   (`id_micro_concept`,`description`, `id_concept`, `idmcg`) VALUES (121,'Shapes - Tangrams',3,12);
INSERT INTO  `micro_concept_tbl`   (`id_micro_concept`,`description`, `id_concept`, `idmcg`) VALUES (122,'Shapes - Mesuration (Area, perimeter, circumference, radius, diameter etc)',3,12);
INSERT INTO  `micro_concept_tbl`   (`id_micro_concept`,`description`, `id_concept`, `idmcg`) VALUES (123,'Shapes - Identify 3D objects (pictures)',3,9);
INSERT INTO  `micro_concept_tbl`   (`id_micro_concept`,`description`, `id_concept`, `idmcg`) VALUES (124,'Shapes - Identify 2-D shapes (pictures)',3,10);
INSERT INTO  `micro_concept_tbl`   (`id_micro_concept`,`description`, `id_concept`, `idmcg`) VALUES (125,'Data Handling - Data Representation - Graphs - Understand and answer the question (word problem)',5,20);
INSERT INTO  `micro_concept_tbl`   (`id_micro_concept`,`description`, `id_concept`, `idmcg`) VALUES (126,'Data Handling - Collection - Understand and answer the question  (word problem)',5,18);
INSERT INTO  `micro_concept_tbl`   (`id_micro_concept`,`description`, `id_concept`, `idmcg`) VALUES (127,'Data Handling - Interpretation - Understand and answer the question  (word problem)',5,21);



INSERT INTO `question_tbl`  (`idq`,  `id_question`, `id_game`,`description`, `id_question_type`,`id_micro_concept`,`id_level`,`id_question_classification`) VALUES (1,'NSF1.1A-G1-Q1','NSF1.1A-G1','Select the object divided into equal parts',3,3,1,1);
INSERT INTO `question_tbl`  (`idq`,  `id_question`, `id_game`,`description`, `id_question_type`,`id_micro_concept`,`id_level`,`id_question_classification`) VALUES (2,'SSR2.1A-G1-Q1','SSR2.1A-G1','Select the animal whose head Is above the tree',3,112,1,1);
INSERT INTO `question_tbl`  (`idq`,  `id_question`, `id_game`,`description`, `id_question_type`,`id_micro_concept`,`id_level`,`id_question_classification`) VALUES (3,'SSR2.1A-G1-Q2','SSR2.1A-G1','Select the animal whose head Is below the tree',3,112,1,1);
INSERT INTO `question_tbl`  (`idq`,  `id_question`, `id_game`,`description`, `id_question_type`,`id_micro_concept`,`id_level`,`id_question_classification`) VALUES (4,'SSR2.1A-G1-Q3','SSR2.1A-G1','Select the animal above the ground',3,112,1,1);
INSERT INTO `question_tbl`  (`idq`,  `id_question`, `id_game`,`description`, `id_question_type`,`id_micro_concept`,`id_level`,`id_question_classification`) VALUES (5,'SSR2.1A-G1-Q4','SSR2.1A-G1','Select the animal on the ground',3,112,1,1);
INSERT INTO `question_tbl`  (`idq`,  `id_question`, `id_game`,`description`, `id_question_type`,`id_micro_concept`,`id_level`,`id_question_classification`) VALUES (6,'SSR2.1A-G1-Q5','SSR2.1A-G1','Select the object below the chair',3,112,1,1);
INSERT INTO `question_tbl`  (`idq`,  `id_question`, `id_game`,`description`, `id_question_type`,`id_micro_concept`,`id_level`,`id_question_classification`) VALUES (7,'SSR2.1A-G1-Q6','SSR2.1A-G1','Select the object above the chair',3,112,1,1);
INSERT INTO `question_tbl`  (`idq`,  `id_question`, `id_game`,`description`, `id_question_type`,`id_micro_concept`,`id_level`,`id_question_classification`) VALUES (8,'SSR2.1A-G1-Q7','SSR2.1A-G1','Select the object on the ladder',3,112,1,1);
INSERT INTO `question_tbl`  (`idq`,  `id_question`, `id_game`,`description`, `id_question_type`,`id_micro_concept`,`id_level`,`id_question_classification`) VALUES (9,'SSR2.1A-G1-Q8','SSR2.1A-G1','Select the object above the sofa',3,112,1,1);
INSERT INTO `question_tbl`  (`idq`,  `id_question`, `id_game`,`description`, `id_question_type`,`id_micro_concept`,`id_level`,`id_question_classification`) VALUES (10,'SSR2.1A-G1-Q9','SSR2.1A-G1','Select the oject below the sofa',3,112,1,1);
INSERT INTO `question_tbl`  (`idq`,  `id_question`, `id_game`,`description`, `id_question_type`,`id_micro_concept`,`id_level`,`id_question_classification`) VALUES (11,'SSR2.1A-G1-Q10','SSR2.1A-G1','Select the bigger animal',3,112,1,1);
INSERT INTO `question_tbl`  (`idq`,  `id_question`, `id_game`,`description`, `id_question_type`,`id_micro_concept`,`id_level`,`id_question_classification`) VALUES (12,'SSR2.1A-G1-Q11','SSR2.1A-G1','Select the smaller animal',3,112,1,1);
INSERT INTO `question_tbl`  (`idq`,  `id_question`, `id_game`,`description`, `id_question_type`,`id_micro_concept`,`id_level`,`id_question_classification`) VALUES (13,'SSR2.1A-G1-Q12','SSR2.1A-G1','Select the bigger object',3,112,1,1);
INSERT INTO `question_tbl`  (`idq`,  `id_question`, `id_game`,`description`, `id_question_type`,`id_micro_concept`,`id_level`,`id_question_classification`) VALUES (14,'SSR2.1A-G1-Q13','SSR2.1A-G1','Select the smaller object',3,112,1,1);
INSERT INTO `question_tbl`  (`idq`,  `id_question`, `id_game`,`description`, `id_question_type`,`id_micro_concept`,`id_level`,`id_question_classification`) VALUES (15,'SSR2.1A-G1-Q14','SSR2.1A-G1','Select the animal on the bed',3,112,1,1);
INSERT INTO `question_tbl`  (`idq`,  `id_question`, `id_game`,`description`, `id_question_type`,`id_micro_concept`,`id_level`,`id_question_classification`) VALUES (16,'SSR2.1A-G1-Q15','SSR2.1A-G1','Select the animal under the bed',3,112,1,1);
INSERT INTO `question_tbl`  (`idq`,  `id_question`, `id_game`,`description`, `id_question_type`,`id_micro_concept`,`id_level`,`id_question_classification`) VALUES (17,'SSR2.1A-G1-Q16','SSR2.1A-G1','Select the object on the table',3,112,1,1);
INSERT INTO `question_tbl`  (`idq`,  `id_question`, `id_game`,`description`, `id_question_type`,`id_micro_concept`,`id_level`,`id_question_classification`) VALUES (18,'SSR2.1A-G1-Q17','SSR2.1A-G1','Select the object under the table',3,112,1,1);
INSERT INTO `question_tbl`  (`idq`,  `id_question`, `id_game`,`description`, `id_question_type`,`id_micro_concept`,`id_level`,`id_question_classification`) VALUES (19,'SSR2.1A-G1-Q18','SSR2.1A-G1','Select the toy on the sofa',3,112,1,1);
INSERT INTO `question_tbl`  (`idq`,  `id_question`, `id_game`,`description`, `id_question_type`,`id_micro_concept`,`id_level`,`id_question_classification`) VALUES (20,'SSR2.1A-G1-Q19','SSR2.1A-G1','Select the toy under the table',3,112,1,1);
INSERT INTO `question_tbl`  (`idq`,  `id_question`, `id_game`,`description`, `id_question_type`,`id_micro_concept`,`id_level`,`id_question_classification`) VALUES (21,'SSR2.1A-G1-Q20','SSR2.1A-G1','Select the animal on the tree',3,112,1,1);
INSERT INTO `question_tbl`  (`idq`,  `id_question`, `id_game`,`description`, `id_question_type`,`id_micro_concept`,`id_level`,`id_question_classification`) VALUES (22,'SSR2.1A-G1-Q21','SSR2.1A-G1','Select the animal under the tree',3,112,1,1);
INSERT INTO `question_tbl`  (`idq`,  `id_question`, `id_game`,`description`, `id_question_type`,`id_micro_concept`,`id_level`,`id_question_classification`) VALUES (23,'SSR2.1A-G1-Q22','SSR2.1A-G1','Select the animal inside the house',3,112,1,1);
INSERT INTO `question_tbl`  (`idq`,  `id_question`, `id_game`,`description`, `id_question_type`,`id_micro_concept`,`id_level`,`id_question_classification`) VALUES (24,'SSR2.1A-G1-Q23','SSR2.1A-G1','Select the animal outside the house',3,112,1,1);
INSERT INTO `question_tbl`  (`idq`,  `id_question`, `id_game`,`description`, `id_question_type`,`id_micro_concept`,`id_level`,`id_question_classification`) VALUES (25,'SSR2.1A-G1-Q24','SSR2.1A-G1','Select the animal inside the bowl',3,112,1,1);
INSERT INTO `question_tbl`  (`idq`,  `id_question`, `id_game`,`description`, `id_question_type`,`id_micro_concept`,`id_level`,`id_question_classification`) VALUES (26,'SSR2.1A-G1-Q25','SSR2.1A-G1','Select the animal outside the bowl',3,112,1,1);
INSERT INTO `question_tbl`  (`idq`,  `id_question`, `id_game`,`description`, `id_question_type`,`id_micro_concept`,`id_level`,`id_question_classification`) VALUES (27,'SSR2.1A-G1-Q26','SSR2.1A-G1','Select the object inside the house',3,112,1,1);
INSERT INTO `question_tbl`  (`idq`,  `id_question`, `id_game`,`description`, `id_question_type`,`id_micro_concept`,`id_level`,`id_question_classification`) VALUES (28,'SSR2.1A-G1-Q27','SSR2.1A-G1','Select the object outside the house',3,112,1,1);
INSERT INTO `question_tbl`  (`idq`,  `id_question`, `id_game`,`description`, `id_question_type`,`id_micro_concept`,`id_level`,`id_question_classification`) VALUES (29,'SSR2.1A-G1-Q28','SSR2.1A-G1','Select the animal inside the basket',3,112,1,1);
INSERT INTO `question_tbl`  (`idq`,  `id_question`, `id_game`,`description`, `id_question_type`,`id_micro_concept`,`id_level`,`id_question_classification`) VALUES (30,'SSR2.1A-G1-Q29','SSR2.1A-G1','Select the animal outside the basket',3,112,1,1);
INSERT INTO `question_tbl`  (`idq`,  `id_question`, `id_game`,`description`, `id_question_type`,`id_micro_concept`,`id_level`,`id_question_classification`) VALUES (31,'SSR2.1A-G1-Q30','SSR2.1A-G1','Select the thing that is on top of flower',3,112,1,1);
INSERT INTO `question_tbl`  (`idq`,  `id_question`, `id_game`,`description`, `id_question_type`,`id_micro_concept`,`id_level`,`id_question_classification`) VALUES (32,'SSR2.1A-G1-Q31','SSR2.1A-G1','Select the thing that is at the bottom of the flower',3,112,1,1);
INSERT INTO `question_tbl`  (`idq`,  `id_question`, `id_game`,`description`, `id_question_type`,`id_micro_concept`,`id_level`,`id_question_classification`) VALUES (33,'SSR2.1A-G1-Q32','SSR2.1A-G1','Select the bottom most book',3,112,1,1);
INSERT INTO `question_tbl`  (`idq`,  `id_question`, `id_game`,`description`, `id_question_type`,`id_micro_concept`,`id_level`,`id_question_classification`) VALUES (34,'SSR2.1A-G1-Q33','SSR2.1A-G1','Select the top most book',3,112,1,1);
INSERT INTO `question_tbl`  (`idq`,  `id_question`, `id_game`,`description`, `id_question_type`,`id_micro_concept`,`id_level`,`id_question_classification`) VALUES (35,'SSR2.1A-G1-Q34','SSR2.1A-G1','Select the object on top of the stairs',3,112,1,1);
INSERT INTO `question_tbl`  (`idq`,  `id_question`, `id_game`,`description`, `id_question_type`,`id_micro_concept`,`id_level`,`id_question_classification`) VALUES (36,'SSR2.1A-G1-Q35','SSR2.1A-G1','Select the object on the bottom of the stairs',3,112,1,1);
INSERT INTO `question_tbl`  (`idq`,  `id_question`, `id_game`,`description`, `id_question_type`,`id_micro_concept`,`id_level`,`id_question_classification`) VALUES (37,'SSR2.1A-G1-Q36','SSR2.1A-G1','Select the object on top of the shelf',3,112,1,1);
INSERT INTO `question_tbl`  (`idq`,  `id_question`, `id_game`,`description`, `id_question_type`,`id_micro_concept`,`id_level`,`id_question_classification`) VALUES (38,'SSR2.1A-G1-Q37','SSR2.1A-G1','Select the object on bottom of the shelf',3,112,1,1);
INSERT INTO `question_tbl`  (`idq`,  `id_question`, `id_game`,`description`, `id_question_type`,`id_micro_concept`,`id_level`,`id_question_classification`) VALUES (39,'SSR2.1A-G1-Q38','SSR2.1A-G1','Select the tree near the house',3,112,1,1);
INSERT INTO `question_tbl`  (`idq`,  `id_question`, `id_game`,`description`, `id_question_type`,`id_micro_concept`,`id_level`,`id_question_classification`) VALUES (40,'SSR2.1A-G1-Q39','SSR2.1A-G1','Select the tree far from the house',3,112,1,1);
INSERT INTO `question_tbl`  (`idq`,  `id_question`, `id_game`,`description`, `id_question_type`,`id_micro_concept`,`id_level`,`id_question_classification`) VALUES (41,'SSR2.1A-G1-Q40','SSR2.1A-G1','Select the object near the banana',3,112,1,1);
INSERT INTO `question_tbl`  (`idq`,  `id_question`, `id_game`,`description`, `id_question_type`,`id_micro_concept`,`id_level`,`id_question_classification`) VALUES (42,'SSR2.1A-G1-Q41','SSR2.1A-G1','Select the object far from the banana',3,112,1,1);
INSERT INTO `question_tbl`  (`idq`,  `id_question`, `id_game`,`description`, `id_question_type`,`id_micro_concept`,`id_level`,`id_question_classification`) VALUES (43,'SSR2.1A-G1-Q42','SSR2.1A-G1','Select the object near the jug',3,112,1,1);
INSERT INTO `question_tbl`  (`idq`,  `id_question`, `id_game`,`description`, `id_question_type`,`id_micro_concept`,`id_level`,`id_question_classification`) VALUES (44,'SSR2.1A-G1-Q43','SSR2.1A-G1','Select the object far from the jug',3,112,1,1);
INSERT INTO `question_tbl`  (`idq`,  `id_question`, `id_game`,`description`, `id_question_type`,`id_micro_concept`,`id_level`,`id_question_classification`) VALUES (45,'SSR2.1A-G1-Q44','SSR2.1A-G1','Select the animal near the scooter',3,112,1,1);
INSERT INTO `question_tbl`  (`idq`,  `id_question`, `id_game`,`description`, `id_question_type`,`id_micro_concept`,`id_level`,`id_question_classification`) VALUES (46,'SSR2.1A-G1-Q45','SSR2.1A-G1','Select the animal far from the scooter',3,112,1,1);
INSERT INTO `question_tbl`  (`idq`,  `id_question`, `id_game`,`description`, `id_question_type`,`id_micro_concept`,`id_level`,`id_question_classification`) VALUES (47,'SSR2.1A-G1-Q46','SSR2.1A-G1','Select the animal near the elephant',3,112,1,1);
INSERT INTO `question_tbl`  (`idq`,  `id_question`, `id_game`,`description`, `id_question_type`,`id_micro_concept`,`id_level`,`id_question_classification`) VALUES (48,'SSR2.1A-G1-Q47','SSR2.1A-G1','Select the animal far from the elephant',3,112,1,1);
INSERT INTO `question_tbl`  (`idq`,  `id_question`, `id_game`,`description`, `id_question_type`,`id_micro_concept`,`id_level`,`id_question_classification`) VALUES (49,'SSR2.1A-G1-Q48','SSR2.1A-G1','Select the animal flyig high',3,112,1,1);
INSERT INTO `question_tbl`  (`idq`,  `id_question`, `id_game`,`description`, `id_question_type`,`id_micro_concept`,`id_level`,`id_question_classification`) VALUES (50,'SSR2.1A-G1-Q49','SSR2.1A-G1','Select the animal flying low',3,112,1,1);
INSERT INTO `question_tbl`  (`idq`,  `id_question`, `id_game`,`description`, `id_question_type`,`id_micro_concept`,`id_level`,`id_question_classification`) VALUES (51,'SSR2.1A-G1-Q50','SSR2.1A-G1','Select the object high on the wall',3,112,1,1);
INSERT INTO `question_tbl`  (`idq`,  `id_question`, `id_game`,`description`, `id_question_type`,`id_micro_concept`,`id_level`,`id_question_classification`) VALUES (52,'SSR2.1A-G1-Q51','SSR2.1A-G1','Select the object low on the wall',3,112,1,1);
INSERT INTO `question_tbl`  (`idq`,  `id_question`, `id_game`,`description`, `id_question_type`,`id_micro_concept`,`id_level`,`id_question_classification`) VALUES (53,'SSR2.1A-G1-Q52','SSR2.1A-G1','Select the higher object',3,112,1,1);
INSERT INTO `question_tbl`  (`idq`,  `id_question`, `id_game`,`description`, `id_question_type`,`id_micro_concept`,`id_level`,`id_question_classification`) VALUES (54,'SSR2.1A-G1-Q53','SSR2.1A-G1','Select the lower object',3,112,1,1);
INSERT INTO `question_tbl`  (`idq`,  `id_question`, `id_game`,`description`, `id_question_type`,`id_micro_concept`,`id_level`,`id_question_classification`) VALUES (55,'SSR2.1A-G1-Q54','SSR2.1A-G1','Select the object going high',3,112,1,1);
INSERT INTO `question_tbl`  (`idq`,  `id_question`, `id_game`,`description`, `id_question_type`,`id_micro_concept`,`id_level`,`id_question_classification`) VALUES (56,'SSR2.1A-G1-Q55','SSR2.1A-G1','Select the object that is low',3,112,1,1);
INSERT INTO `question_tbl`  (`idq`,  `id_question`, `id_game`,`description`, `id_question_type`,`id_micro_concept`,`id_level`,`id_question_classification`) VALUES (57,'SSR2.1B-G1-Q1','SSR2.1B-G1','Select the taller house',3,112,1,1);
INSERT INTO `question_tbl`  (`idq`,  `id_question`, `id_game`,`description`, `id_question_type`,`id_micro_concept`,`id_level`,`id_question_classification`) VALUES (58,'SSR2.1B-G1-Q2','SSR2.1B-G1','Select the shorter house',3,112,1,1);
INSERT INTO `question_tbl`  (`idq`,  `id_question`, `id_game`,`description`, `id_question_type`,`id_micro_concept`,`id_level`,`id_question_classification`) VALUES (59,'SSR2.1B-G1-Q3','SSR2.1B-G1','Select the taller object',3,112,1,1);
INSERT INTO `question_tbl`  (`idq`,  `id_question`, `id_game`,`description`, `id_question_type`,`id_micro_concept`,`id_level`,`id_question_classification`) VALUES (60,'SSR2.1B-G1-Q4','SSR2.1B-G1','Select the shorter object',3,112,1,1);
INSERT INTO `question_tbl`  (`idq`,  `id_question`, `id_game`,`description`, `id_question_type`,`id_micro_concept`,`id_level`,`id_question_classification`) VALUES (61,'SSR2.1B-G1-Q5','SSR2.1B-G1','Select the taller animal',3,112,1,1);
INSERT INTO `question_tbl`  (`idq`,  `id_question`, `id_game`,`description`, `id_question_type`,`id_micro_concept`,`id_level`,`id_question_classification`) VALUES (62,'SSR2.1B-G1-Q6','SSR2.1B-G1','Select the shorter animal',3,112,1,1);
INSERT INTO `question_tbl`  (`idq`,  `id_question`, `id_game`,`description`, `id_question_type`,`id_micro_concept`,`id_level`,`id_question_classification`) VALUES (63,'SSR2.1B-G1-Q7','SSR2.1B-G1','Select the gate which is narrow',3,112,1,1);
INSERT INTO `question_tbl`  (`idq`,  `id_question`, `id_game`,`description`, `id_question_type`,`id_micro_concept`,`id_level`,`id_question_classification`) VALUES (64,'SSR2.1B-G1-Q8','SSR2.1B-G1','Select the wider gate',3,112,1,1);
INSERT INTO `question_tbl`  (`idq`,  `id_question`, `id_game`,`description`, `id_question_type`,`id_micro_concept`,`id_level`,`id_question_classification`) VALUES (65,'SSR2.1B-G1-Q9','SSR2.1B-G1','Select the narrow road',3,112,1,1);
INSERT INTO `question_tbl`  (`idq`,  `id_question`, `id_game`,`description`, `id_question_type`,`id_micro_concept`,`id_level`,`id_question_classification`) VALUES (66,'SSR2.1B-G1-Q10','SSR2.1B-G1','Select the wider road',3,112,1,1);
INSERT INTO `question_tbl`  (`idq`,  `id_question`, `id_game`,`description`, `id_question_type`,`id_micro_concept`,`id_level`,`id_question_classification`) VALUES (67,'SSR2.1B-G1-Q11','SSR2.1B-G1','Select the wider object',3,112,1,1);
INSERT INTO `question_tbl`  (`idq`,  `id_question`, `id_game`,`description`, `id_question_type`,`id_micro_concept`,`id_level`,`id_question_classification`) VALUES (68,'SSR2.1B-G1-Q12','SSR2.1B-G1','Select the narrower object',3,112,1,1);
INSERT INTO `question_tbl`  (`idq`,  `id_question`, `id_game`,`description`, `id_question_type`,`id_micro_concept`,`id_level`,`id_question_classification`) VALUES (69,'SSR2.1B-G1-Q13','SSR2.1B-G1','Select the wider river',3,112,1,1);
INSERT INTO `question_tbl`  (`idq`,  `id_question`, `id_game`,`description`, `id_question_type`,`id_micro_concept`,`id_level`,`id_question_classification`) VALUES (70,'SSR2.1B-G1-Q14','SSR2.1B-G1','Select the narrow river',3,112,1,1);
INSERT INTO `question_tbl`  (`idq`,  `id_question`, `id_game`,`description`, `id_question_type`,`id_micro_concept`,`id_level`,`id_question_classification`) VALUES (71,'SSR2.1B-G1-Q15','SSR2.1B-G1','Select the animal with the shorter tail',3,112,1,1);
INSERT INTO `question_tbl`  (`idq`,  `id_question`, `id_game`,`description`, `id_question_type`,`id_micro_concept`,`id_level`,`id_question_classification`) VALUES (72,'SSR2.1B-G1-Q16','SSR2.1B-G1','Select the animal with the longer tail',3,112,1,1);
INSERT INTO `question_tbl`  (`idq`,  `id_question`, `id_game`,`description`, `id_question_type`,`id_micro_concept`,`id_level`,`id_question_classification`) VALUES (73,'SSR2.1B-G1-Q17','SSR2.1B-G1','Select the shirt with longer sleeves',3,112,1,1);
INSERT INTO `question_tbl`  (`idq`,  `id_question`, `id_game`,`description`, `id_question_type`,`id_micro_concept`,`id_level`,`id_question_classification`) VALUES (74,'SSR2.1B-G1-Q18','SSR2.1B-G1','Select the shirt with shorter sleeves',3,112,1,1);
INSERT INTO `question_tbl`  (`idq`,  `id_question`, `id_game`,`description`, `id_question_type`,`id_micro_concept`,`id_level`,`id_question_classification`) VALUES (75,'SSR2.1B-G1-Q19','SSR2.1B-G1','Select the snake with a longer body',3,112,1,1);
INSERT INTO `question_tbl`  (`idq`,  `id_question`, `id_game`,`description`, `id_question_type`,`id_micro_concept`,`id_level`,`id_question_classification`) VALUES (76,'SSR2.1B-G1-Q20','SSR2.1B-G1','Select the snake with the shorter body',3,112,1,1);
INSERT INTO `question_tbl`  (`idq`,  `id_question`, `id_game`,`description`, `id_question_type`,`id_micro_concept`,`id_level`,`id_question_classification`) VALUES (77,'SSR2.1B-G1-Q21','SSR2.1B-G1','Select the bird with longer legs',3,112,1,1);
INSERT INTO `question_tbl`  (`idq`,  `id_question`, `id_game`,`description`, `id_question_type`,`id_micro_concept`,`id_level`,`id_question_classification`) VALUES (78,'SSR2.1B-G1-Q22','SSR2.1B-G1','Select the bird with shorter legs',3,112,1,1);
INSERT INTO `question_tbl`  (`idq`,  `id_question`, `id_game`,`description`, `id_question_type`,`id_micro_concept`,`id_level`,`id_question_classification`) VALUES (79,'SSR2.1B-G1-Q23','SSR2.1B-G1','Select the fat fish',3,112,1,1);
INSERT INTO `question_tbl`  (`idq`,  `id_question`, `id_game`,`description`, `id_question_type`,`id_micro_concept`,`id_level`,`id_question_classification`) VALUES (80,'SSR2.1B-G1-Q24','SSR2.1B-G1','Select the thin fish',3,112,1,1);
INSERT INTO `question_tbl`  (`idq`,  `id_question`, `id_game`,`description`, `id_question_type`,`id_micro_concept`,`id_level`,`id_question_classification`) VALUES (81,'SSR2.1B-G1-Q25','SSR2.1B-G1','Select the fat snake',3,112,1,1);
INSERT INTO `question_tbl`  (`idq`,  `id_question`, `id_game`,`description`, `id_question_type`,`id_micro_concept`,`id_level`,`id_question_classification`) VALUES (82,'SSR2.1B-G1-Q26','SSR2.1B-G1','Select the thin snake',3,112,1,1);
INSERT INTO `question_tbl`  (`idq`,  `id_question`, `id_game`,`description`, `id_question_type`,`id_micro_concept`,`id_level`,`id_question_classification`) VALUES (83,'SSR2.1B-G1-Q27','SSR2.1B-G1','Select the fat book',3,112,1,1);
INSERT INTO `question_tbl`  (`idq`,  `id_question`, `id_game`,`description`, `id_question_type`,`id_micro_concept`,`id_level`,`id_question_classification`) VALUES (84,'SSR2.1B-G1-Q28','SSR2.1B-G1','Select the thin book',3,112,1,1);
INSERT INTO `question_tbl`  (`idq`,  `id_question`, `id_game`,`description`, `id_question_type`,`id_micro_concept`,`id_level`,`id_question_classification`) VALUES (85,'SSR2.1B-G1-Q29','SSR2.1B-G1','Select the fat tyre',3,112,1,1);
INSERT INTO `question_tbl`  (`idq`,  `id_question`, `id_game`,`description`, `id_question_type`,`id_micro_concept`,`id_level`,`id_question_classification`) VALUES (86,'SSR2.1B-G1-Q30','SSR2.1B-G1','Select the thin tyre',3,112,1,1);
INSERT INTO `question_tbl`  (`idq`,  `id_question`, `id_game`,`description`, `id_question_type`,`id_micro_concept`,`id_level`,`id_question_classification`) VALUES (87,'SSR2.1B-G1-Q31','SSR2.1B-G1','Select the fat slice',3,112,1,1);
INSERT INTO `question_tbl`  (`idq`,  `id_question`, `id_game`,`description`, `id_question_type`,`id_micro_concept`,`id_level`,`id_question_classification`) VALUES (88,'SSR2.1B-G1-Q32','SSR2.1B-G1','Select the thin slice',3,112,1,1);
INSERT INTO `question_tbl`  (`idq`,  `id_question`, `id_game`,`description`, `id_question_type`,`id_micro_concept`,`id_level`,`id_question_classification`) VALUES (89,'SSR2.1B-G1-Q33','SSR2.1B-G1','Select the thin rope',3,112,1,1);
INSERT INTO `question_tbl`  (`idq`,  `id_question`, `id_game`,`description`, `id_question_type`,`id_micro_concept`,`id_level`,`id_question_classification`) VALUES (90,'SSR2.1B-G1-Q34','SSR2.1B-G1','Select the thick rope',3,112,1,1);
INSERT INTO `question_tbl`  (`idq`,  `id_question`, `id_game`,`description`, `id_question_type`,`id_micro_concept`,`id_level`,`id_question_classification`) VALUES (91,'SSR2.1B-G1-Q35','SSR2.1B-G1','Select the thin Box',3,112,1,1);
INSERT INTO `question_tbl`  (`idq`,  `id_question`, `id_game`,`description`, `id_question_type`,`id_micro_concept`,`id_level`,`id_question_classification`) VALUES (92,'SSR2.1B-G1-Q36','SSR2.1B-G1','Select the thick Box',3,112,1,1);
INSERT INTO `question_tbl`  (`idq`,  `id_question`, `id_game`,`description`, `id_question_type`,`id_micro_concept`,`id_level`,`id_question_classification`) VALUES (93,'SSR2.1B-G1-Q37','SSR2.1B-G1','Select the thick snake',3,112,1,1);
INSERT INTO `question_tbl`  (`idq`,  `id_question`, `id_game`,`description`, `id_question_type`,`id_micro_concept`,`id_level`,`id_question_classification`) VALUES (94,'SSR2.1B-G1-Q38','SSR2.1B-G1','Select the thin snake',3,112,1,1);
INSERT INTO `question_tbl`  (`idq`,  `id_question`, `id_game`,`description`, `id_question_type`,`id_micro_concept`,`id_level`,`id_question_classification`) VALUES (95,'ML2.2-G1-Q1','ML2.2-G1','Drag and arrange the objects from tallest to shortest in the box',5,72,1,1);
INSERT INTO `question_tbl`  (`idq`,  `id_question`, `id_game`,`description`, `id_question_type`,`id_micro_concept`,`id_level`,`id_question_classification`) VALUES (96,'ML2.2-G1-Q2','ML2.2-G1','Drag and arrange the objects from shortest to tallest in the box',5,72,1,1);
INSERT INTO `question_tbl`  (`idq`,  `id_question`, `id_game`,`description`, `id_question_type`,`id_micro_concept`,`id_level`,`id_question_classification`) VALUES (97,'ML2.2-G1-Q3','ML2.2-G1','Drag and arrange the objects from longer to shorter in the box',5,72,1,1);
INSERT INTO `question_tbl`  (`idq`,  `id_question`, `id_game`,`description`, `id_question_type`,`id_micro_concept`,`id_level`,`id_question_classification`) VALUES (98,'ML2.2-G1-Q4','ML2.2-G1','Drag and arrange the objects from shorter to longer in the box',5,72,1,1);
INSERT INTO `question_tbl`  (`idq`,  `id_question`, `id_game`,`description`, `id_question_type`,`id_micro_concept`,`id_level`,`id_question_classification`) VALUES (99,'ML2.2-G1-Q5','ML2.2-G1','Drag and arrange the animals from tallest to shortest in the box',5,72,1,1);
INSERT INTO `question_tbl`  (`idq`,  `id_question`, `id_game`,`description`, `id_question_type`,`id_micro_concept`,`id_level`,`id_question_classification`) VALUES (100,'ML2.2-G1-Q6','ML2.2-G1','Drag and arrange the animals from shortest to tallest in the box',5,72,1,1);
INSERT INTO `question_tbl`  (`idq`,  `id_question`, `id_game`,`description`, `id_question_type`,`id_micro_concept`,`id_level`,`id_question_classification`) VALUES (101,'ML2.2-G1-Q7','ML2.2-G1','Drag and arrange the animals from longer to shorter in the box',5,72,1,1);
INSERT INTO `question_tbl`  (`idq`,  `id_question`, `id_game`,`description`, `id_question_type`,`id_micro_concept`,`id_level`,`id_question_classification`) VALUES (102,'ML2.2-G1-Q8','ML2.2-G1','Drag and arrange the animals from shorter to longer in the box',5,72,1,1);
INSERT INTO `question_tbl`  (`idq`,  `id_question`, `id_game`,`description`, `id_question_type`,`id_micro_concept`,`id_level`,`id_question_classification`) VALUES (103,'ML2.2-G1-Q9','ML2.2-G1','Drag and arrange the birds from tallest to shortest in the box',5,72,1,1);
INSERT INTO `question_tbl`  (`idq`,  `id_question`, `id_game`,`description`, `id_question_type`,`id_micro_concept`,`id_level`,`id_question_classification`) VALUES (104,'ML2.2-G1-Q10','ML2.2-G1','Drag and arrange the birds from shortest to tallest in the box',5,72,1,1);
INSERT INTO `question_tbl`  (`idq`,  `id_question`, `id_game`,`description`, `id_question_type`,`id_micro_concept`,`id_level`,`id_question_classification`) VALUES (105,'ML2.3-G1-Q1','ML2.3-G1','Drag and place the leaves to measure the length of the tree. Select the value',2,73,1,1);
INSERT INTO `question_tbl`  (`idq`,  `id_question`, `id_game`,`description`, `id_question_type`,`id_micro_concept`,`id_level`,`id_question_classification`) VALUES (106,'ML2.3-G1-Q2','ML2.3-G1','Drag and place the sharpner to measure the length of the pencil. Select the value',2,73,1,1);
INSERT INTO `question_tbl`  (`idq`,  `id_question`, `id_game`,`description`, `id_question_type`,`id_micro_concept`,`id_level`,`id_question_classification`) VALUES (107,'ML2.3-G1-Q3','ML2.3-G1','Drag and place the lizards to measure the length of the crocodile. Select the value',2,73,1,1);
INSERT INTO `question_tbl`  (`idq`,  `id_question`, `id_game`,`description`, `id_question_type`,`id_micro_concept`,`id_level`,`id_question_classification`) VALUES (108,'ML2.3-G1-Q4','ML2.3-G1','Drag and place the flies to measure the length of the snake. Select the value',2,73,1,1);
INSERT INTO `question_tbl`  (`idq`,  `id_question`, `id_game`,`description`, `id_question_type`,`id_micro_concept`,`id_level`,`id_question_classification`) VALUES (109,'ML2.3-G1-Q5','ML2.3-G1','Drag and place the handspans to measure the length of the object. Select the value',2,73,1,1);
INSERT INTO `question_tbl`  (`idq`,  `id_question`, `id_game`,`description`, `id_question_type`,`id_micro_concept`,`id_level`,`id_question_classification`) VALUES (110,'ML2.3-G1-Q6','ML2.3-G1','Drag and place the armspans to measure the length of the object. Select the value',2,73,1,1);
INSERT INTO `question_tbl`  (`idq`,  `id_question`, `id_game`,`description`, `id_question_type`,`id_micro_concept`,`id_level`,`id_question_classification`) VALUES (111,'ML2.3-G1-Q7','ML2.3-G1','Drag and place the footspans to measure the length of the object. Select the value',2,73,1,1);
INSERT INTO `question_tbl`  (`idq`,  `id_question`, `id_game`,`description`, `id_question_type`,`id_micro_concept`,`id_level`,`id_question_classification`) VALUES (112,'ML2.3-G1-Q8','ML2.3-G1','Drag and place the rope to measure the length of the object. Select the value',2,73,1,1);
INSERT INTO `question_tbl`  (`idq`,  `id_question`, `id_game`,`description`, `id_question_type`,`id_micro_concept`,`id_level`,`id_question_classification`) VALUES (113,'MW3.1-G1-Q1','MW3.1-G1','Select the heavier object',3,104,1,1);
INSERT INTO `question_tbl`  (`idq`,  `id_question`, `id_game`,`description`, `id_question_type`,`id_micro_concept`,`id_level`,`id_question_classification`) VALUES (114,'MW3.1-G1-Q2','MW3.1-G2','Select the lighter object',3,104,1,1);

INSERT INTO `question_tbl`  (`idq`,  `id_question`, `id_game`,`description`, `id_question_type`,`id_micro_concept`,`id_level`,`id_question_classification`) VALUES (117,'MW3.2A-G1-Q1','MW3.2A-G1','Drag the objects on the weighing scale.  Select the heavier object',3,105,1,1);
INSERT INTO `question_tbl`  (`idq`,  `id_question`, `id_game`,`description`, `id_question_type`,`id_micro_concept`,`id_level`,`id_question_classification`) VALUES (118,'MW3.2A-G1-Q2','MW3.2A-G1','Drag the objects on the weighing scale.  Select the lighter object',3,105,1,1);
INSERT INTO `question_tbl`  (`idq`,  `id_question`, `id_game`,`description`, `id_question_type`,`id_micro_concept`,`id_level`,`id_question_classification`) VALUES (119,'MT5.1-G1-Q1','MT5.1-G1','Arrange the pictures in the order of activities carried out from morning till night',5,82,1,1);
INSERT INTO `question_tbl`  (`idq`,  `id_question`, `id_game`,`description`, `id_question_type`,`id_micro_concept`,`id_level`,`id_question_classification`) VALUES (120,'MT5.2-G1-Q1','MT5.2-G1','Arrange the days of the weeks in the right order to complete the picture',5,82,1,1);
INSERT INTO `question_tbl`  (`idq`,  `id_question`, `id_game`,`description`, `id_question_type`,`id_micro_concept`,`id_level`,`id_question_classification`) VALUES (121,'MT5.2-G1-Q2','MT5.2-G1','Arrange the given days of the week in the right order to see the jumbled picture',5,82,1,1);
INSERT INTO `question_tbl`  (`idq`,  `id_question`, `id_game`,`description`, `id_question_type`,`id_micro_concept`,`id_level`,`id_question_classification`) VALUES (122,'MT5.2-G1-Q3','MT5.2-G1','Drag and arrange the days of the week in the right order in the boxes above',5,82,1,1);
INSERT INTO `question_tbl`  (`idq`,  `id_question`, `id_game`,`description`, `id_question_type`,`id_micro_concept`,`id_level`,`id_question_classification`) VALUES (123,'MT5.4-G1-Q1','MT5.4-G1','Drag and arrange the months of the year in the right order',5,84,1,1);
INSERT INTO `question_tbl`  (`idq`,  `id_question`, `id_game`,`description`, `id_question_type`,`id_micro_concept`,`id_level`,`id_question_classification`) VALUES (124,'MT5.4-G1-Q2','MT5.4-G1','What comes after January',3,84,1,1);
INSERT INTO `question_tbl`  (`idq`,  `id_question`, `id_game`,`description`, `id_question_type`,`id_micro_concept`,`id_level`,`id_question_classification`) VALUES (125,'MT5.4-G1-Q3','MT5.4-G1','What comes before January',3,84,1,1);
INSERT INTO `question_tbl`  (`idq`,  `id_question`, `id_game`,`description`, `id_question_type`,`id_micro_concept`,`id_level`,`id_question_classification`) VALUES (126,'MT5.4-G1-Q4','MT5.4-G1','What comes after February',3,84,1,1);
INSERT INTO `question_tbl`  (`idq`,  `id_question`, `id_game`,`description`, `id_question_type`,`id_micro_concept`,`id_level`,`id_question_classification`) VALUES (127,'MT5.4-G1-Q5','MT5.4-G1','What comes before February',3,84,1,1);
INSERT INTO `question_tbl`  (`idq`,  `id_question`, `id_game`,`description`, `id_question_type`,`id_micro_concept`,`id_level`,`id_question_classification`) VALUES (128,'MT5.4-G1-Q6','MT5.4-G1','What comes after March',3,84,1,1);
INSERT INTO `question_tbl`  (`idq`,  `id_question`, `id_game`,`description`, `id_question_type`,`id_micro_concept`,`id_level`,`id_question_classification`) VALUES (129,'MT5.4-G1-Q7','MT5.4-G1','What comes before March',3,84,1,1);
INSERT INTO `question_tbl`  (`idq`,  `id_question`, `id_game`,`description`, `id_question_type`,`id_micro_concept`,`id_level`,`id_question_classification`) VALUES (130,'MT5.4-G1-Q8','MT5.4-G1','What comes after April',3,84,1,1);
INSERT INTO `question_tbl`  (`idq`,  `id_question`, `id_game`,`description`, `id_question_type`,`id_micro_concept`,`id_level`,`id_question_classification`) VALUES (131,'MT5.4-G1-Q9','MT5.4-G1','What comes before April',3,84,1,1);
INSERT INTO `question_tbl`  (`idq`,  `id_question`, `id_game`,`description`, `id_question_type`,`id_micro_concept`,`id_level`,`id_question_classification`) VALUES (132,'MT5.4-G1-Q10','MT5.4-G1','What comes after May',3,84,1,1);
INSERT INTO `question_tbl`  (`idq`,  `id_question`, `id_game`,`description`, `id_question_type`,`id_micro_concept`,`id_level`,`id_question_classification`) VALUES (133,'MT5.4-G1-Q11','MT5.4-G1','What comes before May',3,84,1,1);
INSERT INTO `question_tbl`  (`idq`,  `id_question`, `id_game`,`description`, `id_question_type`,`id_micro_concept`,`id_level`,`id_question_classification`) VALUES (134,'MT5.4-G1-Q12','MT5.4-G1','What comes after June',3,84,1,1);
INSERT INTO `question_tbl`  (`idq`,  `id_question`, `id_game`,`description`, `id_question_type`,`id_micro_concept`,`id_level`,`id_question_classification`) VALUES (135,'MT5.4-G1-Q13','MT5.4-G1','What comes before June',3,84,1,1);
INSERT INTO `question_tbl`  (`idq`,  `id_question`, `id_game`,`description`, `id_question_type`,`id_micro_concept`,`id_level`,`id_question_classification`) VALUES (136,'MT5.4-G1-Q14','MT5.4-G1','What comes after July',3,84,1,1);
INSERT INTO `question_tbl`  (`idq`,  `id_question`, `id_game`,`description`, `id_question_type`,`id_micro_concept`,`id_level`,`id_question_classification`) VALUES (137,'MT5.4-G1-Q15','MT5.4-G1','What comes before July',3,84,1,1);
INSERT INTO `question_tbl`  (`idq`,  `id_question`, `id_game`,`description`, `id_question_type`,`id_micro_concept`,`id_level`,`id_question_classification`) VALUES (138,'MT5.4-G1-Q16','MT5.4-G1','What comes after August',3,84,1,1);
INSERT INTO `question_tbl`  (`idq`,  `id_question`, `id_game`,`description`, `id_question_type`,`id_micro_concept`,`id_level`,`id_question_classification`) VALUES (139,'MT5.4-G1-Q17','MT5.4-G1','What comes before August',3,84,1,1);
INSERT INTO `question_tbl`  (`idq`,  `id_question`, `id_game`,`description`, `id_question_type`,`id_micro_concept`,`id_level`,`id_question_classification`) VALUES (140,'MT5.4-G1-Q18','MT5.4-G1','What comes after September',3,84,1,1);
INSERT INTO `question_tbl`  (`idq`,  `id_question`, `id_game`,`description`, `id_question_type`,`id_micro_concept`,`id_level`,`id_question_classification`) VALUES (141,'MT5.4-G1-Q19','MT5.4-G1','What comes before September',3,84,1,1);
INSERT INTO `question_tbl`  (`idq`,  `id_question`, `id_game`,`description`, `id_question_type`,`id_micro_concept`,`id_level`,`id_question_classification`) VALUES (142,'MT5.4-G1-Q20','MT5.4-G1','What comes after October',3,84,1,1);
INSERT INTO `question_tbl`  (`idq`,  `id_question`, `id_game`,`description`, `id_question_type`,`id_micro_concept`,`id_level`,`id_question_classification`) VALUES (143,'MT5.4-G1-Q21','MT5.4-G1','What comes before October',3,84,1,1);
INSERT INTO `question_tbl`  (`idq`,  `id_question`, `id_game`,`description`, `id_question_type`,`id_micro_concept`,`id_level`,`id_question_classification`) VALUES (144,'MT5.4-G1-Q22','MT5.4-G1','What comes after November',3,84,1,1);
INSERT INTO `question_tbl`  (`idq`,  `id_question`, `id_game`,`description`, `id_question_type`,`id_micro_concept`,`id_level`,`id_question_classification`) VALUES (145,'MT5.4-G1-Q23','MT5.4-G1','What comes before November',3,84,1,1);
INSERT INTO `question_tbl`  (`idq`,  `id_question`, `id_game`,`description`, `id_question_type`,`id_micro_concept`,`id_level`,`id_question_classification`) VALUES (146,'MT5.4-G1-Q24','MT5.4-G1','What comes after December',3,84,1,1);
INSERT INTO `question_tbl`  (`idq`,  `id_question`, `id_game`,`description`, `id_question_type`,`id_micro_concept`,`id_level`,`id_question_classification`) VALUES (147,'MT5.4-G1-Q25','MT5.4-G1','What comes before December',3,84,1,1);
INSERT INTO `question_tbl`  (`idq`,  `id_question`, `id_game`,`description`, `id_question_type`,`id_micro_concept`,`id_level`,`id_question_classification`) VALUES (148,'NSF1.1A-G2-Q1','NSF1.1A-G2','Select the object divided into equal parts',3,3,1,1);
INSERT INTO `question_tbl`  (`idq`,  `id_question`, `id_game`,`description`, `id_question_type`,`id_micro_concept`,`id_level`,`id_question_classification`) VALUES (149,'SSR2.1A-G2-Q1','SSR2.1A-G2','Select the animal whose head Is above the tree',3,112,1,1);
INSERT INTO `question_tbl`  (`idq`,  `id_question`, `id_game`,`description`, `id_question_type`,`id_micro_concept`,`id_level`,`id_question_classification`) VALUES (150,'SSR2.1A-G2-Q2','SSR2.1A-G2','Select the animal whose head Is below the tree',3,112,1,1);
INSERT INTO `question_tbl`  (`idq`,  `id_question`, `id_game`,`description`, `id_question_type`,`id_micro_concept`,`id_level`,`id_question_classification`) VALUES (151,'SSR2.1A-G2-Q3','SSR2.1A-G2','Select the animal above the ground',3,112,1,1);
INSERT INTO `question_tbl`  (`idq`,  `id_question`, `id_game`,`description`, `id_question_type`,`id_micro_concept`,`id_level`,`id_question_classification`) VALUES (152,'SSR2.1A-G2-Q4','SSR2.1A-G2','Select the animal on the ground',3,112,1,1);
INSERT INTO `question_tbl`  (`idq`,  `id_question`, `id_game`,`description`, `id_question_type`,`id_micro_concept`,`id_level`,`id_question_classification`) VALUES (153,'SSR2.1A-G2-Q5','SSR2.1A-G2','Select the object below the chair',3,112,1,1);
INSERT INTO `question_tbl`  (`idq`,  `id_question`, `id_game`,`description`, `id_question_type`,`id_micro_concept`,`id_level`,`id_question_classification`) VALUES (154,'SSR2.1A-G2-Q6','SSR2.1A-G2','Select the object above the chair',3,112,1,1);
INSERT INTO `question_tbl`  (`idq`,  `id_question`, `id_game`,`description`, `id_question_type`,`id_micro_concept`,`id_level`,`id_question_classification`) VALUES (155,'SSR2.1A-G2-Q7','SSR2.1A-G2','Select the object on the ladder',3,112,1,1);
INSERT INTO `question_tbl`  (`idq`,  `id_question`, `id_game`,`description`, `id_question_type`,`id_micro_concept`,`id_level`,`id_question_classification`) VALUES (156,'SSR2.1A-G2-Q8','SSR2.1A-G2','Select the object above the sofa',3,112,1,1);
INSERT INTO `question_tbl`  (`idq`,  `id_question`, `id_game`,`description`, `id_question_type`,`id_micro_concept`,`id_level`,`id_question_classification`) VALUES (157,'SSR2.1A-G2-Q9','SSR2.1A-G2','Select the oject below the sofa',3,112,1,1);
INSERT INTO `question_tbl`  (`idq`,  `id_question`, `id_game`,`description`, `id_question_type`,`id_micro_concept`,`id_level`,`id_question_classification`) VALUES (158,'SSR2.1A-G2-Q10','SSR2.1A-G2','Select the bigger animal',3,112,1,1);
INSERT INTO `question_tbl`  (`idq`,  `id_question`, `id_game`,`description`, `id_question_type`,`id_micro_concept`,`id_level`,`id_question_classification`) VALUES (159,'SSR2.1A-G2-Q11','SSR2.1A-G2','Select the smaller animal',3,112,1,1);
INSERT INTO `question_tbl`  (`idq`,  `id_question`, `id_game`,`description`, `id_question_type`,`id_micro_concept`,`id_level`,`id_question_classification`) VALUES (160,'SSR2.1A-G2-Q12','SSR2.1A-G2','Select the bigger object',3,112,1,1);
INSERT INTO `question_tbl`  (`idq`,  `id_question`, `id_game`,`description`, `id_question_type`,`id_micro_concept`,`id_level`,`id_question_classification`) VALUES (161,'SSR2.1A-G2-Q13','SSR2.1A-G2','Select the smaller object',3,112,1,1);
INSERT INTO `question_tbl`  (`idq`,  `id_question`, `id_game`,`description`, `id_question_type`,`id_micro_concept`,`id_level`,`id_question_classification`) VALUES (162,'SSR2.1A-G2-Q14','SSR2.1A-G2','Select the animal on the bed',3,112,1,1);
INSERT INTO `question_tbl`  (`idq`,  `id_question`, `id_game`,`description`, `id_question_type`,`id_micro_concept`,`id_level`,`id_question_classification`) VALUES (163,'SSR2.1A-G2-Q15','SSR2.1A-G2','Select the animal under the bed',3,112,1,1);
INSERT INTO `question_tbl`  (`idq`,  `id_question`, `id_game`,`description`, `id_question_type`,`id_micro_concept`,`id_level`,`id_question_classification`) VALUES (164,'SSR2.1A-G2-Q16','SSR2.1A-G2','Select the object on the table',3,112,1,1);
INSERT INTO `question_tbl`  (`idq`,  `id_question`, `id_game`,`description`, `id_question_type`,`id_micro_concept`,`id_level`,`id_question_classification`) VALUES (165,'SSR2.1A-G2-Q17','SSR2.1A-G2','Select the object under the table',3,112,1,1);
INSERT INTO `question_tbl`  (`idq`,  `id_question`, `id_game`,`description`, `id_question_type`,`id_micro_concept`,`id_level`,`id_question_classification`) VALUES (166,'SSR2.1A-G2-Q18','SSR2.1A-G2','Select the toy on the sofa',3,112,1,1);
INSERT INTO `question_tbl`  (`idq`,  `id_question`, `id_game`,`description`, `id_question_type`,`id_micro_concept`,`id_level`,`id_question_classification`) VALUES (167,'SSR2.1A-G2-Q19','SSR2.1A-G2','Select the toy under the table',3,112,1,1);
INSERT INTO `question_tbl`  (`idq`,  `id_question`, `id_game`,`description`, `id_question_type`,`id_micro_concept`,`id_level`,`id_question_classification`) VALUES (168,'SSR2.1A-G2-Q20','SSR2.1A-G2','Select the animal on the tree',3,112,1,1);
INSERT INTO `question_tbl`  (`idq`,  `id_question`, `id_game`,`description`, `id_question_type`,`id_micro_concept`,`id_level`,`id_question_classification`) VALUES (169,'SSR2.1A-G2-Q21','SSR2.1A-G2','Select the animal under the tree',3,112,1,1);
INSERT INTO `question_tbl`  (`idq`,  `id_question`, `id_game`,`description`, `id_question_type`,`id_micro_concept`,`id_level`,`id_question_classification`) VALUES (170,'SSR2.1A-G2-Q22','SSR2.1A-G2','Select the animal inside the house',3,112,1,1);
INSERT INTO `question_tbl`  (`idq`,  `id_question`, `id_game`,`description`, `id_question_type`,`id_micro_concept`,`id_level`,`id_question_classification`) VALUES (171,'SSR2.1A-G2-Q23','SSR2.1A-G2','Select the animal outside the house',3,112,1,1);
INSERT INTO `question_tbl`  (`idq`,  `id_question`, `id_game`,`description`, `id_question_type`,`id_micro_concept`,`id_level`,`id_question_classification`) VALUES (172,'SSR2.1A-G2-Q24','SSR2.1A-G2','Select the animal inside the bowl',3,112,1,1);
INSERT INTO `question_tbl`  (`idq`,  `id_question`, `id_game`,`description`, `id_question_type`,`id_micro_concept`,`id_level`,`id_question_classification`) VALUES (173,'SSR2.1A-G2-Q25','SSR2.1A-G2','Select the animal outside the bowl',3,112,1,1);
INSERT INTO `question_tbl`  (`idq`,  `id_question`, `id_game`,`description`, `id_question_type`,`id_micro_concept`,`id_level`,`id_question_classification`) VALUES (174,'SSR2.1A-G2-Q26','SSR2.1A-G2','Select the object inside the house',3,112,1,1);
INSERT INTO `question_tbl`  (`idq`,  `id_question`, `id_game`,`description`, `id_question_type`,`id_micro_concept`,`id_level`,`id_question_classification`) VALUES (175,'SSR2.1A-G2-Q27','SSR2.1A-G2','Select the object outside the house',3,112,1,1);
INSERT INTO `question_tbl`  (`idq`,  `id_question`, `id_game`,`description`, `id_question_type`,`id_micro_concept`,`id_level`,`id_question_classification`) VALUES (176,'SSR2.1A-G2-Q28','SSR2.1A-G2','Select the animal inside the basket',3,112,1,1);
INSERT INTO `question_tbl`  (`idq`,  `id_question`, `id_game`,`description`, `id_question_type`,`id_micro_concept`,`id_level`,`id_question_classification`) VALUES (177,'SSR2.1A-G2-Q29','SSR2.1A-G2','Select the animal outside the basket',3,112,1,1);
INSERT INTO `question_tbl`  (`idq`,  `id_question`, `id_game`,`description`, `id_question_type`,`id_micro_concept`,`id_level`,`id_question_classification`) VALUES (178,'SSR2.1A-G2-Q30','SSR2.1A-G2','Select the thing that is on top of flower',3,112,1,1);
INSERT INTO `question_tbl`  (`idq`,  `id_question`, `id_game`,`description`, `id_question_type`,`id_micro_concept`,`id_level`,`id_question_classification`) VALUES (179,'SSR2.1A-G2-Q31','SSR2.1A-G2','Select the thing that is at the bottom of the flower',3,112,1,1);
INSERT INTO `question_tbl`  (`idq`,  `id_question`, `id_game`,`description`, `id_question_type`,`id_micro_concept`,`id_level`,`id_question_classification`) VALUES (180,'SSR2.1A-G2-Q32','SSR2.1A-G2','Select the bottom most book',3,112,1,1);
INSERT INTO `question_tbl`  (`idq`,  `id_question`, `id_game`,`description`, `id_question_type`,`id_micro_concept`,`id_level`,`id_question_classification`) VALUES (181,'SSR2.1A-G2-Q33','SSR2.1A-G2','Select the top most book',3,112,1,1);
INSERT INTO `question_tbl`  (`idq`,  `id_question`, `id_game`,`description`, `id_question_type`,`id_micro_concept`,`id_level`,`id_question_classification`) VALUES (182,'SSR2.1A-G2-Q34','SSR2.1A-G2','Select the object on top of the stairs',3,112,1,1);
INSERT INTO `question_tbl`  (`idq`,  `id_question`, `id_game`,`description`, `id_question_type`,`id_micro_concept`,`id_level`,`id_question_classification`) VALUES (183,'SSR2.1A-G2-Q35','SSR2.1A-G2','Select the object on the bottom of the stairs',3,112,1,1);
INSERT INTO `question_tbl`  (`idq`,  `id_question`, `id_game`,`description`, `id_question_type`,`id_micro_concept`,`id_level`,`id_question_classification`) VALUES (184,'SSR2.1A-G2-Q36','SSR2.1A-G2','Select the object on top of the shelf',3,112,1,1);
INSERT INTO `question_tbl`  (`idq`,  `id_question`, `id_game`,`description`, `id_question_type`,`id_micro_concept`,`id_level`,`id_question_classification`) VALUES (185,'SSR2.1A-G2-Q37','SSR2.1A-G2','Select the object on bottom of the shelf',3,112,1,1);
INSERT INTO `question_tbl`  (`idq`,  `id_question`, `id_game`,`description`, `id_question_type`,`id_micro_concept`,`id_level`,`id_question_classification`) VALUES (186,'SSR2.1A-G2-Q38','SSR2.1A-G2','Select the tree near the house',3,112,1,1);
INSERT INTO `question_tbl`  (`idq`,  `id_question`, `id_game`,`description`, `id_question_type`,`id_micro_concept`,`id_level`,`id_question_classification`) VALUES (187,'SSR2.1A-G2-Q39','SSR2.1A-G2','Select the tree far from the house',3,112,1,1);
INSERT INTO `question_tbl`  (`idq`,  `id_question`, `id_game`,`description`, `id_question_type`,`id_micro_concept`,`id_level`,`id_question_classification`) VALUES (188,'SSR2.1A-G2-Q40','SSR2.1A-G2','Select the object near the banana',3,112,1,1);
INSERT INTO `question_tbl`  (`idq`,  `id_question`, `id_game`,`description`, `id_question_type`,`id_micro_concept`,`id_level`,`id_question_classification`) VALUES (189,'SSR2.1A-G2-Q41','SSR2.1A-G2','Select the object far from the banana',3,112,1,1);
INSERT INTO `question_tbl`  (`idq`,  `id_question`, `id_game`,`description`, `id_question_type`,`id_micro_concept`,`id_level`,`id_question_classification`) VALUES (190,'SSR2.1A-G2-Q42','SSR2.1A-G2','Select the object near the jug',3,112,1,1);
INSERT INTO `question_tbl`  (`idq`,  `id_question`, `id_game`,`description`, `id_question_type`,`id_micro_concept`,`id_level`,`id_question_classification`) VALUES (191,'SSR2.1A-G2-Q43','SSR2.1A-G2','Select the object far from the jug',3,112,1,1);
INSERT INTO `question_tbl`  (`idq`,  `id_question`, `id_game`,`description`, `id_question_type`,`id_micro_concept`,`id_level`,`id_question_classification`) VALUES (192,'SSR2.1A-G2-Q44','SSR2.1A-G2','Select the animal near the scooter',3,112,1,1);
INSERT INTO `question_tbl`  (`idq`,  `id_question`, `id_game`,`description`, `id_question_type`,`id_micro_concept`,`id_level`,`id_question_classification`) VALUES (193,'SSR2.1A-G2-Q45','SSR2.1A-G2','Select the animal far from the scooter',3,112,1,1);
INSERT INTO `question_tbl`  (`idq`,  `id_question`, `id_game`,`description`, `id_question_type`,`id_micro_concept`,`id_level`,`id_question_classification`) VALUES (194,'SSR2.1A-G2-Q46','SSR2.1A-G2','Select the animal near the elephant',3,112,1,1);
INSERT INTO `question_tbl`  (`idq`,  `id_question`, `id_game`,`description`, `id_question_type`,`id_micro_concept`,`id_level`,`id_question_classification`) VALUES (195,'SSR2.1A-G2-Q47','SSR2.1A-G2','Select the animal far from the elephant',3,112,1,1);
INSERT INTO `question_tbl`  (`idq`,  `id_question`, `id_game`,`description`, `id_question_type`,`id_micro_concept`,`id_level`,`id_question_classification`) VALUES (196,'SSR2.1A-G2-Q48','SSR2.1A-G2','Select the animal flyig high',3,112,1,1);
INSERT INTO `question_tbl`  (`idq`,  `id_question`, `id_game`,`description`, `id_question_type`,`id_micro_concept`,`id_level`,`id_question_classification`) VALUES (197,'SSR2.1A-G2-Q49','SSR2.1A-G2','Select the animal flying low',3,112,1,1);
INSERT INTO `question_tbl`  (`idq`,  `id_question`, `id_game`,`description`, `id_question_type`,`id_micro_concept`,`id_level`,`id_question_classification`) VALUES (198,'SSR2.1A-G2-Q50','SSR2.1A-G2','Select the object high on the wall',3,112,1,1);
INSERT INTO `question_tbl`  (`idq`,  `id_question`, `id_game`,`description`, `id_question_type`,`id_micro_concept`,`id_level`,`id_question_classification`) VALUES (199,'SSR2.1A-G2-Q51','SSR2.1A-G2','Select the object low on the wall',3,112,1,1);
INSERT INTO `question_tbl`  (`idq`,  `id_question`, `id_game`,`description`, `id_question_type`,`id_micro_concept`,`id_level`,`id_question_classification`) VALUES (200,'SSR2.1A-G2-Q52','SSR2.1A-G2','Select the higher object',3,112,1,1);
INSERT INTO `question_tbl`  (`idq`,  `id_question`, `id_game`,`description`, `id_question_type`,`id_micro_concept`,`id_level`,`id_question_classification`) VALUES (201,'SSR2.1A-G2-Q53','SSR2.1A-G2','Select the lower object',3,112,1,1);
INSERT INTO `question_tbl`  (`idq`,  `id_question`, `id_game`,`description`, `id_question_type`,`id_micro_concept`,`id_level`,`id_question_classification`) VALUES (202,'SSR2.1A-G2-Q54','SSR2.1A-G2','Select the object going high',3,112,1,1);
INSERT INTO `question_tbl`  (`idq`,  `id_question`, `id_game`,`description`, `id_question_type`,`id_micro_concept`,`id_level`,`id_question_classification`) VALUES (203,'SSR2.1A-G2-Q55','SSR2.1A-G2','Select the object that is low',3,112,1,1);
INSERT INTO `question_tbl`  (`idq`,  `id_question`, `id_game`,`description`, `id_question_type`,`id_micro_concept`,`id_level`,`id_question_classification`) VALUES (204,'SSR2.1B-G2-Q1','SSR2.1B-G2','Select the taller house',3,112,1,1);
INSERT INTO `question_tbl`  (`idq`,  `id_question`, `id_game`,`description`, `id_question_type`,`id_micro_concept`,`id_level`,`id_question_classification`) VALUES (205,'SSR2.1B-G2-Q2','SSR2.1B-G2','Select the shorter house',3,112,1,1);
INSERT INTO `question_tbl`  (`idq`,  `id_question`, `id_game`,`description`, `id_question_type`,`id_micro_concept`,`id_level`,`id_question_classification`) VALUES (206,'SSR2.1B-G2-Q3','SSR2.1B-G2','Select the taller object',3,112,1,1);
INSERT INTO `question_tbl`  (`idq`,  `id_question`, `id_game`,`description`, `id_question_type`,`id_micro_concept`,`id_level`,`id_question_classification`) VALUES (207,'SSR2.1B-G2-Q4','SSR2.1B-G2','Select the shorter object',3,112,1,1);
INSERT INTO `question_tbl`  (`idq`,  `id_question`, `id_game`,`description`, `id_question_type`,`id_micro_concept`,`id_level`,`id_question_classification`) VALUES (208,'SSR2.1B-G2-Q5','SSR2.1B-G2','Select the taller animal',3,112,1,1);
INSERT INTO `question_tbl`  (`idq`,  `id_question`, `id_game`,`description`, `id_question_type`,`id_micro_concept`,`id_level`,`id_question_classification`) VALUES (209,'SSR2.1B-G2-Q6','SSR2.1B-G2','Select the shorter animal',3,112,1,1);
INSERT INTO `question_tbl`  (`idq`,  `id_question`, `id_game`,`description`, `id_question_type`,`id_micro_concept`,`id_level`,`id_question_classification`) VALUES (210,'SSR2.1B-G2-Q7','SSR2.1B-G2','Select the gate which is narrow',3,112,1,1);
INSERT INTO `question_tbl`  (`idq`,  `id_question`, `id_game`,`description`, `id_question_type`,`id_micro_concept`,`id_level`,`id_question_classification`) VALUES (211,'SSR2.1B-G2-Q8','SSR2.1B-G2','Select the wider gate',3,112,1,1);
INSERT INTO `question_tbl`  (`idq`,  `id_question`, `id_game`,`description`, `id_question_type`,`id_micro_concept`,`id_level`,`id_question_classification`) VALUES (212,'SSR2.1B-G2-Q9','SSR2.1B-G2','Select the narrow road',3,112,1,1);
INSERT INTO `question_tbl`  (`idq`,  `id_question`, `id_game`,`description`, `id_question_type`,`id_micro_concept`,`id_level`,`id_question_classification`) VALUES (213,'SSR2.1B-G2-Q10','SSR2.1B-G2','Select the wider road',3,112,1,1);
INSERT INTO `question_tbl`  (`idq`,  `id_question`, `id_game`,`description`, `id_question_type`,`id_micro_concept`,`id_level`,`id_question_classification`) VALUES (214,'SSR2.1B-G2-Q11','SSR2.1B-G2','Select the wider object',3,112,1,1);
INSERT INTO `question_tbl`  (`idq`,  `id_question`, `id_game`,`description`, `id_question_type`,`id_micro_concept`,`id_level`,`id_question_classification`) VALUES (215,'SSR2.1B-G2-Q12','SSR2.1B-G2','Select the narrower object',3,112,1,1);
INSERT INTO `question_tbl`  (`idq`,  `id_question`, `id_game`,`description`, `id_question_type`,`id_micro_concept`,`id_level`,`id_question_classification`) VALUES (216,'SSR2.1B-G2-Q13','SSR2.1B-G2','Select the wider river',3,112,1,1);
INSERT INTO `question_tbl`  (`idq`,  `id_question`, `id_game`,`description`, `id_question_type`,`id_micro_concept`,`id_level`,`id_question_classification`) VALUES (217,'SSR2.1B-G2-Q14','SSR2.1B-G2','Select the narrow river',3,112,1,1);
INSERT INTO `question_tbl`  (`idq`,  `id_question`, `id_game`,`description`, `id_question_type`,`id_micro_concept`,`id_level`,`id_question_classification`) VALUES (218,'SSR2.1B-G2-Q15','SSR2.1B-G2','Select the animal with the shorter tail',3,112,1,1);
INSERT INTO `question_tbl`  (`idq`,  `id_question`, `id_game`,`description`, `id_question_type`,`id_micro_concept`,`id_level`,`id_question_classification`) VALUES (219,'SSR2.1B-G2-Q16','SSR2.1B-G2','Select the animal with the longer tail',3,112,1,1);
INSERT INTO `question_tbl`  (`idq`,  `id_question`, `id_game`,`description`, `id_question_type`,`id_micro_concept`,`id_level`,`id_question_classification`) VALUES (220,'SSR2.1B-G2-Q17','SSR2.1B-G2','Select the shirt with longer sleeves',3,112,1,1);
INSERT INTO `question_tbl`  (`idq`,  `id_question`, `id_game`,`description`, `id_question_type`,`id_micro_concept`,`id_level`,`id_question_classification`) VALUES (221,'SSR2.1B-G2-Q18','SSR2.1B-G2','Select the shirt with shorter sleeves',3,112,1,1);
INSERT INTO `question_tbl`  (`idq`,  `id_question`, `id_game`,`description`, `id_question_type`,`id_micro_concept`,`id_level`,`id_question_classification`) VALUES (222,'SSR2.1B-G2-Q19','SSR2.1B-G2','Select the snake with a longer body',3,112,1,1);
INSERT INTO `question_tbl`  (`idq`,  `id_question`, `id_game`,`description`, `id_question_type`,`id_micro_concept`,`id_level`,`id_question_classification`) VALUES (223,'SSR2.1B-G2-Q20','SSR2.1B-G2','Select the snake with the shorter body',3,112,1,1);
INSERT INTO `question_tbl`  (`idq`,  `id_question`, `id_game`,`description`, `id_question_type`,`id_micro_concept`,`id_level`,`id_question_classification`) VALUES (224,'SSR2.1B-G2-Q21','SSR2.1B-G2','Select the bird with longer legs',3,112,1,1);
INSERT INTO `question_tbl`  (`idq`,  `id_question`, `id_game`,`description`, `id_question_type`,`id_micro_concept`,`id_level`,`id_question_classification`) VALUES (225,'SSR2.1B-G2-Q22','SSR2.1B-G2','Select the bird with shorter legs',3,112,1,1);
INSERT INTO `question_tbl`  (`idq`,  `id_question`, `id_game`,`description`, `id_question_type`,`id_micro_concept`,`id_level`,`id_question_classification`) VALUES (226,'SSR2.1B-G2-Q23','SSR2.1B-G2','Select the fat fish',3,112,1,1);
INSERT INTO `question_tbl`  (`idq`,  `id_question`, `id_game`,`description`, `id_question_type`,`id_micro_concept`,`id_level`,`id_question_classification`) VALUES (227,'SSR2.1B-G2-Q24','SSR2.1B-G2','Select the thin fish',3,112,1,1);
INSERT INTO `question_tbl`  (`idq`,  `id_question`, `id_game`,`description`, `id_question_type`,`id_micro_concept`,`id_level`,`id_question_classification`) VALUES (228,'SSR2.1B-G2-Q25','SSR2.1B-G2','Select the fat snake',3,112,1,1);
INSERT INTO `question_tbl`  (`idq`,  `id_question`, `id_game`,`description`, `id_question_type`,`id_micro_concept`,`id_level`,`id_question_classification`) VALUES (229,'SSR2.1B-G2-Q26','SSR2.1B-G2','Select the thin snake',3,112,1,1);
INSERT INTO `question_tbl`  (`idq`,  `id_question`, `id_game`,`description`, `id_question_type`,`id_micro_concept`,`id_level`,`id_question_classification`) VALUES (230,'SSR2.1B-G2-Q27','SSR2.1B-G2','Select the fat book',3,112,1,1);
INSERT INTO `question_tbl`  (`idq`,  `id_question`, `id_game`,`description`, `id_question_type`,`id_micro_concept`,`id_level`,`id_question_classification`) VALUES (231,'SSR2.1B-G2-Q28','SSR2.1B-G2','Select the thin book',3,112,1,1);
INSERT INTO `question_tbl`  (`idq`,  `id_question`, `id_game`,`description`, `id_question_type`,`id_micro_concept`,`id_level`,`id_question_classification`) VALUES (232,'SSR2.1B-G2-Q29','SSR2.1B-G2','Select the fat tyre',3,112,1,1);
INSERT INTO `question_tbl`  (`idq`,  `id_question`, `id_game`,`description`, `id_question_type`,`id_micro_concept`,`id_level`,`id_question_classification`) VALUES (233,'SSR2.1B-G2-Q30','SSR2.1B-G2','Select the thin tyre',3,112,1,1);
INSERT INTO `question_tbl`  (`idq`,  `id_question`, `id_game`,`description`, `id_question_type`,`id_micro_concept`,`id_level`,`id_question_classification`) VALUES (234,'SSR2.1B-G2-Q31','SSR2.1B-G2','Select the fat slice',3,112,1,1);
INSERT INTO `question_tbl`  (`idq`,  `id_question`, `id_game`,`description`, `id_question_type`,`id_micro_concept`,`id_level`,`id_question_classification`) VALUES (235,'SSR2.1B-G2-Q32','SSR2.1B-G2','Select the thin slice',3,112,1,1);
INSERT INTO `question_tbl`  (`idq`,  `id_question`, `id_game`,`description`, `id_question_type`,`id_micro_concept`,`id_level`,`id_question_classification`) VALUES (236,'SSR2.1B-G2-Q33','SSR2.1B-G2','Select the thin rope',3,112,1,1);
INSERT INTO `question_tbl`  (`idq`,  `id_question`, `id_game`,`description`, `id_question_type`,`id_micro_concept`,`id_level`,`id_question_classification`) VALUES (237,'SSR2.1B-G2-Q34','SSR2.1B-G2','Select the thick rope',3,112,1,1);
INSERT INTO `question_tbl`  (`idq`,  `id_question`, `id_game`,`description`, `id_question_type`,`id_micro_concept`,`id_level`,`id_question_classification`) VALUES (238,'SSR2.1B-G2-Q35','SSR2.1B-G2','Select the thin Box',3,112,1,1);
INSERT INTO `question_tbl`  (`idq`,  `id_question`, `id_game`,`description`, `id_question_type`,`id_micro_concept`,`id_level`,`id_question_classification`) VALUES (239,'SSR2.1B-G2-Q36','SSR2.1B-G2','Select the thick Box',3,112,1,1);
INSERT INTO `question_tbl`  (`idq`,  `id_question`, `id_game`,`description`, `id_question_type`,`id_micro_concept`,`id_level`,`id_question_classification`) VALUES (240,'SSR2.1B-G2-Q37','SSR2.1B-G2','Select the thick snake',3,112,1,1);
INSERT INTO `question_tbl`  (`idq`,  `id_question`, `id_game`,`description`, `id_question_type`,`id_micro_concept`,`id_level`,`id_question_classification`) VALUES (241,'SSR2.1B-G2-Q38','SSR2.1B-G2','Select the thin snake',3,112,1,1);
INSERT INTO `question_tbl`  (`idq`,  `id_question`, `id_game`,`description`, `id_question_type`,`id_micro_concept`,`id_level`,`id_question_classification`) VALUES (242,'ML2.2-G2-Q1','ML2.2-G2','Drag and arrange the objects from tallest to shortest in the box',5,72,1,1);
INSERT INTO `question_tbl`  (`idq`,  `id_question`, `id_game`,`description`, `id_question_type`,`id_micro_concept`,`id_level`,`id_question_classification`) VALUES (243,'ML2.2-G2-Q2','ML2.2-G2','Drag and arrange the objects from shortest to tallest in the box',5,72,1,1);
INSERT INTO `question_tbl`  (`idq`,  `id_question`, `id_game`,`description`, `id_question_type`,`id_micro_concept`,`id_level`,`id_question_classification`) VALUES (244,'ML2.2-G2-Q3','ML2.2-G2','Drag and arrange the objects from longer to shorter in the box',5,72,1,1);
INSERT INTO `question_tbl`  (`idq`,  `id_question`, `id_game`,`description`, `id_question_type`,`id_micro_concept`,`id_level`,`id_question_classification`) VALUES (245,'ML2.2-G2-Q4','ML2.2-G2','Drag and arrange the objects from shorter to longer in the box',5,72,1,1);
INSERT INTO `question_tbl`  (`idq`,  `id_question`, `id_game`,`description`, `id_question_type`,`id_micro_concept`,`id_level`,`id_question_classification`) VALUES (246,'ML2.2-G2-Q5','ML2.2-G2','Drag and arrange the animals from tallest to shortest in the box',5,72,1,1);
INSERT INTO `question_tbl`  (`idq`,  `id_question`, `id_game`,`description`, `id_question_type`,`id_micro_concept`,`id_level`,`id_question_classification`) VALUES (247,'ML2.2-G2-Q6','ML2.2-G2','Drag and arrange the animals from shortest to tallest in the box',5,72,1,1);
INSERT INTO `question_tbl`  (`idq`,  `id_question`, `id_game`,`description`, `id_question_type`,`id_micro_concept`,`id_level`,`id_question_classification`) VALUES (248,'ML2.2-G2-Q7','ML2.2-G2','Drag and arrange the animals from longer to shorter in the box',5,72,1,1);
INSERT INTO `question_tbl`  (`idq`,  `id_question`, `id_game`,`description`, `id_question_type`,`id_micro_concept`,`id_level`,`id_question_classification`) VALUES (249,'ML2.2-G2-Q8','ML2.2-G2','Drag and arrange the animals from shorter to longer in the box',5,72,1,1);
INSERT INTO `question_tbl`  (`idq`,  `id_question`, `id_game`,`description`, `id_question_type`,`id_micro_concept`,`id_level`,`id_question_classification`) VALUES (250,'ML2.2-G2-Q9','ML2.2-G2','Drag and arrange the birds from tallest to shortest in the box',5,72,1,1);
INSERT INTO `question_tbl`  (`idq`,  `id_question`, `id_game`,`description`, `id_question_type`,`id_micro_concept`,`id_level`,`id_question_classification`) VALUES (251,'ML2.2-G2-Q10','ML2.2-G2','Drag and arrange the birds from shortest to tallest in the box',5,72,1,1);
INSERT INTO `question_tbl`  (`idq`,  `id_question`, `id_game`,`description`, `id_question_type`,`id_micro_concept`,`id_level`,`id_question_classification`) VALUES (252,'ML2.3-G2-Q1','ML2.3-G2','Drag and place the leaves to measure the length of the tree. Select the value',2,73,1,1);
INSERT INTO `question_tbl`  (`idq`,  `id_question`, `id_game`,`description`, `id_question_type`,`id_micro_concept`,`id_level`,`id_question_classification`) VALUES (253,'ML2.3-G2-Q2','ML2.3-G2','Drag and place the sharpner to measure the length of the pencil. Select the value',2,73,1,1);
INSERT INTO `question_tbl`  (`idq`,  `id_question`, `id_game`,`description`, `id_question_type`,`id_micro_concept`,`id_level`,`id_question_classification`) VALUES (254,'ML2.3-G2-Q3','ML2.3-G2','Drag and place the lizards to measure the length of the crocodile. Select the value',2,73,1,1);
INSERT INTO `question_tbl`  (`idq`,  `id_question`, `id_game`,`description`, `id_question_type`,`id_micro_concept`,`id_level`,`id_question_classification`) VALUES (255,'ML2.3-G2-Q4','ML2.3-G2','Drag and place the flies to measure the length of the snake. Select the value',2,73,1,1);
INSERT INTO `question_tbl`  (`idq`,  `id_question`, `id_game`,`description`, `id_question_type`,`id_micro_concept`,`id_level`,`id_question_classification`) VALUES (256,'ML2.3-G2-Q5','ML2.3-G2','Drag and place the handspans to measure the length of the object. Select the value',2,73,1,1);
INSERT INTO `question_tbl`  (`idq`,  `id_question`, `id_game`,`description`, `id_question_type`,`id_micro_concept`,`id_level`,`id_question_classification`) VALUES (257,'ML2.3-G2-Q6','ML2.3-G2','Drag and place the armspans to measure the length of the object. Select the value',2,73,1,1);
INSERT INTO `question_tbl`  (`idq`,  `id_question`, `id_game`,`description`, `id_question_type`,`id_micro_concept`,`id_level`,`id_question_classification`) VALUES (258,'ML2.3-G2-Q7','ML2.3-G2','Drag and place the footspans to measure the length of the object. Select the value',2,73,1,1);
INSERT INTO `question_tbl`  (`idq`,  `id_question`, `id_game`,`description`, `id_question_type`,`id_micro_concept`,`id_level`,`id_question_classification`) VALUES (259,'ML2.3-G2-Q8','ML2.3-G2','Drag and place the rope to measure the length of the object. Select the value',2,73,1,1);
INSERT INTO `question_tbl`  (`idq`,  `id_question`, `id_game`,`description`, `id_question_type`,`id_micro_concept`,`id_level`,`id_question_classification`) VALUES (260,'MW3.1-G2-Q1','MW3.1-G2','Select the heavier object',3,104,1,1);
INSERT INTO `question_tbl`  (`idq`,  `id_question`, `id_game`,`description`, `id_question_type`,`id_micro_concept`,`id_level`,`id_question_classification`) VALUES (261,'MW3.1-G2-Q2','MW3.1-G2','Select the lighter object',3,104,1,1);
INSERT INTO `question_tbl`  (`idq`,  `id_question`, `id_game`,`description`, `id_question_type`,`id_micro_concept`,`id_level`,`id_question_classification`) VALUES (262,'MW3.1-G2-Q3','MW3.1-G2','Select the heavier animal',3,104,1,1);
INSERT INTO `question_tbl`  (`idq`,  `id_question`, `id_game`,`description`, `id_question_type`,`id_micro_concept`,`id_level`,`id_question_classification`) VALUES (263,'MW3.1-G2-Q4','MW3.1-G2','Select the lighter animal',3,104,1,1);
INSERT INTO `question_tbl`  (`idq`,  `id_question`, `id_game`,`description`, `id_question_type`,`id_micro_concept`,`id_level`,`id_question_classification`) VALUES (264,'MW3.2A-G2-Q1','MW3.2A-G2','Drag the objects on the weighing scale.  Select the heavier object',3,105,1,1);
INSERT INTO `question_tbl`  (`idq`,  `id_question`, `id_game`,`description`, `id_question_type`,`id_micro_concept`,`id_level`,`id_question_classification`) VALUES (265,'MW3.2A-G2-Q2','MW3.2A-G2','Drag the objects on the weighing scale.  Select the lighter object',3,105,1,1);
INSERT INTO `question_tbl`  (`idq`,  `id_question`, `id_game`,`description`, `id_question_type`,`id_micro_concept`,`id_level`,`id_question_classification`) VALUES (266,'MT5.1-G2-Q1','MT5.1-G2','Arrange the pictures in the order of activities carried out from morning till night',5,82,1,1);
INSERT INTO `question_tbl`  (`idq`,  `id_question`, `id_game`,`description`, `id_question_type`,`id_micro_concept`,`id_level`,`id_question_classification`) VALUES (267,'MT5.2-G2-Q1','MT5.2-G2','Arrange the days of the weeks in the right order to complete the picture',5,82,1,1);
INSERT INTO `question_tbl`  (`idq`,  `id_question`, `id_game`,`description`, `id_question_type`,`id_micro_concept`,`id_level`,`id_question_classification`) VALUES (268,'MT5.2-G2-Q2','MT5.2-G2','Arrange the given days of the week in the right order to see the jumbled picture',5,82,1,1);
INSERT INTO `question_tbl`  (`idq`,  `id_question`, `id_game`,`description`, `id_question_type`,`id_micro_concept`,`id_level`,`id_question_classification`) VALUES (269,'MT5.2-G2-Q3','MT5.2-G2','Drag and arrange the days of the week in the right order in the boxes above',5,82,1,1);
INSERT INTO `question_tbl`  (`idq`,  `id_question`, `id_game`,`description`, `id_question_type`,`id_micro_concept`,`id_level`,`id_question_classification`) VALUES (270,'MT5.4-G2-Q1','MT5.4G2','Drag and arrange the months of the year in the right order',5,82,1,1);
INSERT INTO `question_tbl`  (`idq`,  `id_question`, `id_game`,`description`, `id_question_type`,`id_micro_concept`,`id_level`,`id_question_classification`) VALUES (271,'MT5.4-G2-Q2','MT5.4G2','What comes after January',3,84,1,1);
INSERT INTO `question_tbl`  (`idq`,  `id_question`, `id_game`,`description`, `id_question_type`,`id_micro_concept`,`id_level`,`id_question_classification`) VALUES (272,'MT5.4-G2-Q3','MT5.4G2','What comes before January',3,84,1,1);
INSERT INTO `question_tbl`  (`idq`,  `id_question`, `id_game`,`description`, `id_question_type`,`id_micro_concept`,`id_level`,`id_question_classification`) VALUES (273,'MT5.4-G2-Q4','MT5.4G2','What comes after February',3,84,1,1);
INSERT INTO `question_tbl`  (`idq`,  `id_question`, `id_game`,`description`, `id_question_type`,`id_micro_concept`,`id_level`,`id_question_classification`) VALUES (274,'MT5.4-G2-Q5','MT5.4G2','What comes before February',3,84,1,1);
INSERT INTO `question_tbl`  (`idq`,  `id_question`, `id_game`,`description`, `id_question_type`,`id_micro_concept`,`id_level`,`id_question_classification`) VALUES (275,'MT5.4-G2-Q6','MT5.4G2','What comes after March',3,84,1,1);
INSERT INTO `question_tbl`  (`idq`,  `id_question`, `id_game`,`description`, `id_question_type`,`id_micro_concept`,`id_level`,`id_question_classification`) VALUES (276,'MT5.4-G2-Q7','MT5.4G2','What comes before March',3,84,1,1);
INSERT INTO `question_tbl`  (`idq`,  `id_question`, `id_game`,`description`, `id_question_type`,`id_micro_concept`,`id_level`,`id_question_classification`) VALUES (277,'MT5.4-G2-Q8','MT5.4G2','What comes after April',3,84,1,1);
INSERT INTO `question_tbl`  (`idq`,  `id_question`, `id_game`,`description`, `id_question_type`,`id_micro_concept`,`id_level`,`id_question_classification`) VALUES (278,'MT5.4-G2-Q9','MT5.4G2','What comes before April',3,84,1,1);
INSERT INTO `question_tbl`  (`idq`,  `id_question`, `id_game`,`description`, `id_question_type`,`id_micro_concept`,`id_level`,`id_question_classification`) VALUES (279,'MT5.4-G2-Q10','MT5.4G2','What comes after May',3,84,1,1);
INSERT INTO `question_tbl`  (`idq`,  `id_question`, `id_game`,`description`, `id_question_type`,`id_micro_concept`,`id_level`,`id_question_classification`) VALUES (280,'MT5.4-G2-Q11','MT5.4G2','What comes before May',3,84,1,1);
INSERT INTO `question_tbl`  (`idq`,  `id_question`, `id_game`,`description`, `id_question_type`,`id_micro_concept`,`id_level`,`id_question_classification`) VALUES (281,'MT5.4-G2-Q12','MT5.4G2','What comes after June',3,84,1,1);
INSERT INTO `question_tbl`  (`idq`,  `id_question`, `id_game`,`description`, `id_question_type`,`id_micro_concept`,`id_level`,`id_question_classification`) VALUES (282,'MT5.4-G2-Q13','MT5.4G2','What comes before June',3,84,1,1);
INSERT INTO `question_tbl`  (`idq`,  `id_question`, `id_game`,`description`, `id_question_type`,`id_micro_concept`,`id_level`,`id_question_classification`) VALUES (283,'MT5.4-G2-Q14','MT5.4G2','What comes after July',3,84,1,1);
INSERT INTO `question_tbl`  (`idq`,  `id_question`, `id_game`,`description`, `id_question_type`,`id_micro_concept`,`id_level`,`id_question_classification`) VALUES (284,'MT5.4-G2-Q15','MT5.4G2','What comes before July',3,84,1,1);
INSERT INTO `question_tbl`  (`idq`,  `id_question`, `id_game`,`description`, `id_question_type`,`id_micro_concept`,`id_level`,`id_question_classification`) VALUES (285,'MT5.4-G2-Q16','MT5.4G2','What comes after August',3,84,1,1);
INSERT INTO `question_tbl`  (`idq`,  `id_question`, `id_game`,`description`, `id_question_type`,`id_micro_concept`,`id_level`,`id_question_classification`) VALUES (286,'MT5.4-G2-Q17','MT5.4G2','What comes before August',3,84,1,1);
INSERT INTO `question_tbl`  (`idq`,  `id_question`, `id_game`,`description`, `id_question_type`,`id_micro_concept`,`id_level`,`id_question_classification`) VALUES (287,'MT5.4-G2-Q18','MT5.4G2','What comes after September',3,84,1,1);
INSERT INTO `question_tbl`  (`idq`,  `id_question`, `id_game`,`description`, `id_question_type`,`id_micro_concept`,`id_level`,`id_question_classification`) VALUES (288,'MT5.4-G2-Q19','MT5.4G2','What comes before September',3,84,1,1);
INSERT INTO `question_tbl`  (`idq`,  `id_question`, `id_game`,`description`, `id_question_type`,`id_micro_concept`,`id_level`,`id_question_classification`) VALUES (289,'MT5.4-G2-Q20','MT5.4G2','What comes after October',3,84,1,1);
INSERT INTO `question_tbl`  (`idq`,  `id_question`, `id_game`,`description`, `id_question_type`,`id_micro_concept`,`id_level`,`id_question_classification`) VALUES (290,'MT5.4-G2-Q21','MT5.4G2','What comes before October',3,84,1,1);
INSERT INTO `question_tbl`  (`idq`,  `id_question`, `id_game`,`description`, `id_question_type`,`id_micro_concept`,`id_level`,`id_question_classification`) VALUES (291,'MT5.4-G2-Q22','MT5.4G2','What comes after November',3,84,1,1);
INSERT INTO `question_tbl`  (`idq`,  `id_question`, `id_game`,`description`, `id_question_type`,`id_micro_concept`,`id_level`,`id_question_classification`) VALUES (292,'MT5.4-G2-Q23','MT5.4G2','What comes before November',3,84,1,1);
INSERT INTO `question_tbl`  (`idq`,  `id_question`, `id_game`,`description`, `id_question_type`,`id_micro_concept`,`id_level`,`id_question_classification`) VALUES (293,'MT5.4-G2-Q24','MT5.4G2','What comes after December',3,84,1,1);
INSERT INTO `question_tbl`  (`idq`,  `id_question`, `id_game`,`description`, `id_question_type`,`id_micro_concept`,`id_level`,`id_question_classification`) VALUES (294,'MT5.4-G2-Q25','MT5.4G2','What comes before December',3,84,1,1);
INSERT INTO `question_tbl`  (`idq`,  `id_question`, `id_game`,`description`, `id_question_type`,`id_micro_concept`,`id_level`,`id_question_classification`) VALUES (295,'MT6.1-G2-Q1','MT6.1-G2','Select the following days',3,86,1,1);
INSERT INTO `question_tbl`  (`idq`,  `id_question`, `id_game`,`description`, `id_question_type`,`id_micro_concept`,`id_level`,`id_question_classification`) VALUES (296,'MT6.2-G2-Q1','MT6.2-G2','Select the following days',3,86,1,1);
INSERT INTO `question_tbl`  (`idq`,  `id_question`, `id_game`,`description`, `id_question_type`,`id_micro_concept`,`id_level`,`id_question_classification`) VALUES (297,'NSF1.1B-G3-Q1','NSF1.1B-G3','Select the missing part and make the whole object (complete the object?)',3,3,1,1);
INSERT INTO `question_tbl`  (`idq`,  `id_question`, `id_game`,`description`, `id_question_type`,`id_micro_concept`,`id_level`,`id_question_classification`) VALUES (298,'NSF1.2A-G3-Q1','NSF1.2A-G3','Select the part that is one fourth of the whole',3,3,1,1);
INSERT INTO `question_tbl`  (`idq`,  `id_question`, `id_game`,`description`, `id_question_type`,`id_micro_concept`,`id_level`,`id_question_classification`) VALUES (299,'NSF1.2A-G3-Q2','NSF1.2A-G3','Select the part that is half of the whole',3,3,1,1);
INSERT INTO `question_tbl`  (`idq`,  `id_question`, `id_game`,`description`, `id_question_type`,`id_micro_concept`,`id_level`,`id_question_classification`) VALUES (300,'NSF1.2A-G3-Q3','NSF1.2A-G3','Select the part that is  three fourth of the whole',3,3,1,1);
INSERT INTO `question_tbl`  (`idq`,  `id_question`, `id_game`,`description`, `id_question_type`,`id_micro_concept`,`id_level`,`id_question_classification`) VALUES (301,'NSF1.2B-G3-Q1','NSF1.2B-G3','What fraction of the whole does orange   part represent',3,3,1,1);
INSERT INTO `question_tbl`  (`idq`,  `id_question`, `id_game`,`description`, `id_question_type`,`id_micro_concept`,`id_level`,`id_question_classification`) VALUES (302,'NSF1.2B-G3-Q2','NSF1.2B-G3','What fraction of the whole does blue  part represent',3,3,1,1);
INSERT INTO `question_tbl`  (`idq`,  `id_question`, `id_game`,`description`, `id_question_type`,`id_micro_concept`,`id_level`,`id_question_classification`) VALUES (303,'NSF1.2B-G3-Q3','NSF1.2B-G3','What fraction of the whole does green  part represent',3,3,1,1);
INSERT INTO `question_tbl`  (`idq`,  `id_question`, `id_game`,`description`, `id_question_type`,`id_micro_concept`,`id_level`,`id_question_classification`) VALUES (304,'NSF1.2B-G3-Q4','NSF1.2B-G3','What fraction of the whole does purple  part represent',3,3,1,1);
INSERT INTO `question_tbl`  (`idq`,  `id_question`, `id_game`,`description`, `id_question_type`,`id_micro_concept`,`id_level`,`id_question_classification`) VALUES (305,'NSF1.2B-G3-Q5','NSF1.2B-G3','What fraction of the whole does red  part represent',3,3,1,1);
INSERT INTO `question_tbl`  (`idq`,  `id_question`, `id_game`,`description`, `id_question_type`,`id_micro_concept`,`id_level`,`id_question_classification`) VALUES (306,'NSF1.2C-G3-Q1','NSF1.2C-G3','Color the parts to represent 1/4 of the whole',2,3,1,1);
INSERT INTO `question_tbl`  (`idq`,  `id_question`, `id_game`,`description`, `id_question_type`,`id_micro_concept`,`id_level`,`id_question_classification`) VALUES (307,'NSF1.2C-G3-Q2','NSF1.2C-G3','Color the parts to represent 1/2 of the whole',2,3,1,1);
INSERT INTO `question_tbl`  (`idq`,  `id_question`, `id_game`,`description`, `id_question_type`,`id_micro_concept`,`id_level`,`id_question_classification`) VALUES (308,'NSF1.2C-G3-Q3','NSF1.2C-G3','Color the parts to represent 3/4 of the whole',2,3,1,1);
INSERT INTO `question_tbl`  (`idq`,  `id_question`, `id_game`,`description`, `id_question_type`,`id_micro_concept`,`id_level`,`id_question_classification`) VALUES (309,'ML2.4A-G3-Q1','ML2.4A-G3','Drag the tape to measure the length of the object. Enter the value and select the check button',2,74,1,1);
INSERT INTO `question_tbl`  (`idq`,  `id_question`, `id_game`,`description`, `id_question_type`,`id_micro_concept`,`id_level`,`id_question_classification`) VALUES (310,'ML2.4A-G3-Q2','ML2.4A-G3','Drag the bar to measure the height of the object. Enter the value and select the check button',2,74,1,1);
INSERT INTO `question_tbl`  (`idq`,  `id_question`, `id_game`,`description`, `id_question_type`,`id_micro_concept`,`id_level`,`id_question_classification`) VALUES (311,'ML2.4B-G3-Q1','ML2.4B-G3','Drag and place the meter scale to measure the length of the object. Enter the value and select the check button',2,74,1,1);
INSERT INTO `question_tbl`  (`idq`,  `id_question`, `id_game`,`description`, `id_question_type`,`id_micro_concept`,`id_level`,`id_question_classification`) VALUES (312,'MW3.2B-G3-Q1','MW3.2B-G3','Drag and place the measuring objects to balance the scale. Enter the value of the measuring objects used to measure the given object',2,107,1,1);
INSERT INTO `question_tbl`  (`idq`,  `id_question`, `id_game`,`description`, `id_question_type`,`id_micro_concept`,`id_level`,`id_question_classification`) VALUES (313,'MW3.2C-G3-Q1','MW3.2C-G3','Drag and place the 10 gm blue rods to measure the weight of the object. Enter the value of the measured object',2,108,1,1);
INSERT INTO `question_tbl`  (`idq`,  `id_question`, `id_game`,`description`, `id_question_type`,`id_micro_concept`,`id_level`,`id_question_classification`) VALUES (314,'MW3.2C-G3-Q2','MW3.2C-G3','Drag and place the 1 gm yellow cubes to measure the weight of the object. Enter the value of the measured object',2,108,1,1);
INSERT INTO `question_tbl`  (`idq`,  `id_question`, `id_game`,`description`, `id_question_type`,`id_micro_concept`,`id_level`,`id_question_classification`) VALUES (315,'MW3.2D-G3-Q1','MW3.2D-G3','Drag and place the 1 gm cubes and 10gm rods to measure the weight of the object. Enter the value of the measured object',2,108,1,1);
INSERT INTO `question_tbl`  (`idq`,  `id_question`, `id_game`,`description`, `id_question_type`,`id_micro_concept`,`id_level`,`id_question_classification`) VALUES (316,'MW3.3A-G3-Q1','MW3.3A-G3','Drag and place the correct weights to measure the weight of the object. Enter the value of the measured object in grams',2,108,1,1);
INSERT INTO `question_tbl`  (`idq`,  `id_question`, `id_game`,`description`, `id_question_type`,`id_micro_concept`,`id_level`,`id_question_classification`) VALUES (317,'MW3.3B1-G3-Q1','MW3.3B1-G3','Drag and place the correct weights to measure the weight of the object. Enter the value of the measured object in kilograms',2,108,1,1);
INSERT INTO `question_tbl`  (`idq`,  `id_question`, `id_game`,`description`, `id_question_type`,`id_micro_concept`,`id_level`,`id_question_classification`) VALUES (318,'MW3.3B2-G3-Q1','MW3.3B2-G3','Drag and place the correct weights to measure the weight of the object. Enter the value of the measured object in kilograms and grams',2,108,1,1);
INSERT INTO `question_tbl`  (`idq`,  `id_question`, `id_game`,`description`, `id_question_type`,`id_micro_concept`,`id_level`,`id_question_classification`) VALUES (319,'MT7.1-G3-Q1','MT7.1-G3','Drag and place the numbers in the clock. Select the check button when done',2,87,1,1);
INSERT INTO `question_tbl`  (`idq`,  `id_question`, `id_game`,`description`, `id_question_type`,`id_micro_concept`,`id_level`,`id_question_classification`) VALUES (320,'MT7.2-G3-Q1','MT7.2-G3','Drag  the numbers to denote the time shown on the clock',2,88,1,1);
INSERT INTO `question_tbl`  (`idq`,  `id_question`, `id_game`,`description`, `id_question_type`,`id_micro_concept`,`id_level`,`id_question_classification`) VALUES (321,'MV4.1A-G4-Q1','MV4.1A-G4','Which of these containers has more liquid',3,95,1,1);
INSERT INTO `question_tbl`  (`idq`,  `id_question`, `id_game`,`description`, `id_question_type`,`id_micro_concept`,`id_level`,`id_question_classification`) VALUES (322,'MV4.1A-G4-Q2','MV4.1A-G4','Which of these containers has less liquid',3,95,1,1);
INSERT INTO `question_tbl`  (`idq`,  `id_question`, `id_game`,`description`, `id_question_type`,`id_micro_concept`,`id_level`,`id_question_classification`) VALUES (323,'MV4.1A-G4-Q3','MV4.1A-G4','Which of the containers have equal amount of liquid',3,95,1,1);
INSERT INTO `question_tbl`  (`idq`,  `id_question`, `id_game`,`description`, `id_question_type`,`id_micro_concept`,`id_level`,`id_question_classification`) VALUES (324,'MV4.1B-G4-Q1','MV4.1B-G4','Arrange the containers from less to more liquid in the box. Select check button when done',5,96,1,1);
INSERT INTO `question_tbl`  (`idq`,  `id_question`, `id_game`,`description`, `id_question_type`,`id_micro_concept`,`id_level`,`id_question_classification`) VALUES (325,'MV4.1B-G4-Q2','MV4.1B-G4','Arrange the containers from more to less liquid in the box. Select check button when done',5,96,1,1);
INSERT INTO `question_tbl`  (`idq`,  `id_question`, `id_game`,`description`, `id_question_type`,`id_micro_concept`,`id_level`,`id_question_classification`) VALUES (326,'MV4.1C-G4-Q1','MV4.1C-G4','Arrange the containers which can hold more to less amount of liquid. Select check button when done',5,96,1,1);
INSERT INTO `question_tbl`  (`idq`,  `id_question`, `id_game`,`description`, `id_question_type`,`id_micro_concept`,`id_level`,`id_question_classification`) VALUES (327,'MV4.1C-G4-Q2','MV4.1C-G4','Arrange the containers which can hold less to more amount of liquid. Select check button when done',5,96,1,1);
INSERT INTO `question_tbl`  (`idq`,  `id_question`, `id_game`,`description`, `id_question_type`,`id_micro_concept`,`id_level`,`id_question_classification`) VALUES (328,'MV4.2A-G4-Q1','MV4.2A-G4','Select the smaller container to fill the bigger container completely . Enter the number of times smaller container was required to fill the bigger container',2,97,1,1);
INSERT INTO `question_tbl`  (`idq`,  `id_question`, `id_game`,`description`, `id_question_type`,`id_micro_concept`,`id_level`,`id_question_classification`) VALUES (329,'MV4.2B-G4-Q1','MV4.2B-G4','Select the smallest container in the box to fill all the bigger containers completely . Enter the number of times smaller container was required to fill the bigger containers',2,97,1,1);
INSERT INTO `question_tbl`  (`idq`,  `id_question`, `id_game`,`description`, `id_question_type`,`id_micro_concept`,`id_level`,`id_question_classification`) VALUES (330,'MV4.2C-G4-Q1','MV4.2C-G4','Select the two smaller containers one by one to fill the bigger container completely. Enter the number of times smaller containers were required to fill the bigger container',2,97,1,1);
INSERT INTO `question_tbl`  (`idq`,  `id_question`, `id_game`,`description`, `id_question_type`,`id_micro_concept`,`id_level`,`id_question_classification`) VALUES (331,'MV4.3A-G4-Q1','MV4.3A-G4','Select the smaller measuring container to fill the bigger container till the red mark. Enter the total amount filled in milliters',2,98,1,1);
INSERT INTO `question_tbl`  (`idq`,  `id_question`, `id_game`,`description`, `id_question_type`,`id_micro_concept`,`id_level`,`id_question_classification`) VALUES (332,'MV4.3B-G4-Q1','MV4.3B-G4','Select the  measuring container to fill the given container completely. Select the check button when completely filled',2,98,1,1);
INSERT INTO `question_tbl`  (`idq`,  `id_question`, `id_game`,`description`, `id_question_type`,`id_micro_concept`,`id_level`,`id_question_classification`) VALUES (333,'MV4.3C-G4-Q1','MV4.3C-G4','Select a combination of the two measuring containers to fill the other container till the red mark. Select the check button once filled',2,98,1,1);
INSERT INTO `question_tbl`  (`idq`,  `id_question`, `id_game`,`description`, `id_question_type`,`id_micro_concept`,`id_level`,`id_question_classification`) VALUES (334,'MV4.3C-G4-Q2','MV4.3C-G4','Select a combination of the two measuring containers to fill the other container till the red mark. Select the check button once filled',2,98,1,1);
INSERT INTO `question_tbl`  (`idq`,  `id_question`, `id_game`,`description`, `id_question_type`,`id_micro_concept`,`id_level`,`id_question_classification`) VALUES (335,'NSN1.1-G1-Q1','NSN1.1-G1','Listen to the number name and select the objects that match with the name',3,25,1,1);
INSERT INTO `question_tbl`  (`idq`,  `id_question`, `id_game`,`description`, `id_question_type`,`id_micro_concept`,`id_level`,`id_question_classification`) VALUES (336,'NSN1.2-G1-Q1','NSN1.2-G1','Listen to the number name and pick that many mangoes from the tree and put it into the basket',5,25,1,1);
INSERT INTO `question_tbl`  (`idq`,  `id_question`, `id_game`,`description`, `id_question_type`,`id_micro_concept`,`id_level`,`id_question_classification`) VALUES (337,'NSN1.3-G1-Q1','NSN1.3-G1','Count the number of fish and select the matching number',3,26,1,1);
INSERT INTO `question_tbl`  (`idq`,  `id_question`, `id_game`,`description`, `id_question_type`,`id_micro_concept`,`id_level`,`id_question_classification`) VALUES (338,'NSN1.4-G1-Q1','NSN1.4-G1','Look at the displayed number and select the matching objects',3,26,1,1);
INSERT INTO `question_tbl`  (`idq`,  `id_question`, `id_game`,`description`, `id_question_type`,`id_micro_concept`,`id_level`,`id_question_classification`) VALUES (339,'NSN1.5-G1-Q1','NSN1.5-G1','Look at the displayed  number name and  pick that many mangoes from the tree and put it into the basket',5,26,1,1);
INSERT INTO `question_tbl`  (`idq`,  `id_question`, `id_game`,`description`, `id_question_type`,`id_micro_concept`,`id_level`,`id_question_classification`) VALUES (340,'NSN1.6-G1-Q1','NSN1.6-G1','Listen to the number name and burst the balloon having that number',3,26,1,1);
INSERT INTO `question_tbl`  (`idq`,  `id_question`, `id_game`,`description`, `id_question_type`,`id_micro_concept`,`id_level`,`id_question_classification`) VALUES (341,'NSN1.7-G1-Q1','NSN1.7-G1','Count the fish and trace the number',3,26,1,1);
INSERT INTO `question_tbl`  (`idq`,  `id_question`, `id_game`,`description`, `id_question_type`,`id_micro_concept`,`id_level`,`id_question_classification`) VALUES (342,'NSS2.1-G1-Q1','NSS2.1-G1','Select the catterpillar that is displaying the numbers in sequence',3,37,1,1);
INSERT INTO `question_tbl`  (`idq`,  `id_question`, `id_game`,`description`, `id_question_type`,`id_micro_concept`,`id_level`,`id_question_classification`) VALUES (343,'NSS2.2-G1-Q1','NSS2.2-G1','Place the numbers in sequence on the catterpillars body',5,37,1,1);
INSERT INTO `question_tbl`  (`idq`,  `id_question`, `id_game`,`description`, `id_question_type`,`id_micro_concept`,`id_level`,`id_question_classification`) VALUES (344,'NSS2.3-G1-Q1','NSS2.3-G1','Place the missing numbers in sequence on the catterpillars body',5,37,1,1);
INSERT INTO `question_tbl`  (`idq`,  `id_question`, `id_game`,`description`, `id_question_type`,`id_micro_concept`,`id_level`,`id_question_classification`) VALUES (345,'NSS2.4-G1-Q1','NSS2.4-G1','What comes before and after the number on the cattepillars body',5,31,1,1);
INSERT INTO `question_tbl`  (`idq`,  `id_question`, `id_game`,`description`, `id_question_type`,`id_micro_concept`,`id_level`,`id_question_classification`) VALUES (346,'NSS2.5-G1-Q1','NSS2.5-G1','What comes in between the two  numbers on the cattepillars body',5,32,1,1);
INSERT INTO `question_tbl`  (`idq`,  `id_question`, `id_game`,`description`, `id_question_type`,`id_micro_concept`,`id_level`,`id_question_classification`) VALUES (347,'NSS2.6-G1-Q1','NSS2.6-G1','Place the missing piece in the puzzle',2,33,1,1);
INSERT INTO `question_tbl`  (`idq`,  `id_question`, `id_game`,`description`, `id_question_type`,`id_micro_concept`,`id_level`,`id_question_classification`) VALUES (348,'NSC4.1-G1-Q1','NSC4.1-G1','Which is lesser ? ',3,11,1,1);
INSERT INTO `question_tbl`  (`idq`,  `id_question`, `id_game`,`description`, `id_question_type`,`id_micro_concept`,`id_level`,`id_question_classification`) VALUES (349,'NSC4.1-G1-Q2','NSC4.1-G1','Which is greater',3,11,1,1);
INSERT INTO `question_tbl`  (`idq`,  `id_question`, `id_game`,`description`, `id_question_type`,`id_micro_concept`,`id_level`,`id_question_classification`) VALUES (350,'NSC4.2-G1-Q1','NSC4.2-G1','Are they equal? ',4,11,1,1);
INSERT INTO `question_tbl`  (`idq`,  `id_question`, `id_game`,`description`, `id_question_type`,`id_micro_concept`,`id_level`,`id_question_classification`) VALUES (351,'NSC4.3-G1-Q1','NSC4.3-G1','Compare the two numbers and place the correct symbol between the numbers',2,10,1,1);
INSERT INTO `question_tbl`  (`idq`,  `id_question`, `id_game`,`description`, `id_question_type`,`id_micro_concept`,`id_level`,`id_question_classification`) VALUES (352,'NSC4.4-G1-Q1','NSC4.4-G1','Help the boy climb up the tree by arranging the numbers in ascending order. Start by placing  the smallest number at the bottom',5,36,1,1);
INSERT INTO `question_tbl`  (`idq`,  `id_question`, `id_game`,`description`, `id_question_type`,`id_micro_concept`,`id_level`,`id_question_classification`) VALUES (353,'NSC4.5-G1-Q1','NSC4.5-G1','Help the boy climb down the tree by arranging the numbers in descending order. Start by placing the biggest number at the top',5,36,1,1);
INSERT INTO `question_tbl`  (`idq`,  `id_question`, `id_game`,`description`, `id_question_type`,`id_micro_concept`,`id_level`,`id_question_classification`) VALUES (354,'NOA5.1-G1-Q1','NOA5.1-G1','Give me 1 more carrot . How may do I have together?  ',2,38,1,1);
INSERT INTO `question_tbl`  (`idq`,  `id_question`, `id_game`,`description`, `id_question_type`,`id_micro_concept`,`id_level`,`id_question_classification`) VALUES (355,'NOA5.1-G1-Q2','NOA5.1-G1','Give me 2 more carrot. How Many do I have together ',2,38,1,1);
INSERT INTO `question_tbl`  (`idq`,  `id_question`, `id_game`,`description`, `id_question_type`,`id_micro_concept`,`id_level`,`id_question_classification`) VALUES (356,'NOA5.1-G1-Q3','NOA5.1-G1','Give me 3 more carrot. How Many do I have together ? ',2,38,1,1);
INSERT INTO `question_tbl`  (`idq`,  `id_question`, `id_game`,`description`, `id_question_type`,`id_micro_concept`,`id_level`,`id_question_classification`) VALUES (357,'NOA5.1-G1-Q4','NOA5.1-G1','Give me 4 more carrot. How Many do I have together ? ',2,38,1,1);
INSERT INTO `question_tbl`  (`idq`,  `id_question`, `id_game`,`description`, `id_question_type`,`id_micro_concept`,`id_level`,`id_question_classification`) VALUES (358,'NOA5.1-G1-Q5','NOA5.1-G1','Give me 5 more carrot. How Many do I have together ? ',2,38,1,1);
INSERT INTO `question_tbl`  (`idq`,  `id_question`, `id_game`,`description`, `id_question_type`,`id_micro_concept`,`id_level`,`id_question_classification`) VALUES (359,'NOA5.1-G1-Q6','NOA5.1-G1','Give me 6 more carrot. How Many do I have together ? ',2,38,1,1);
INSERT INTO `question_tbl`  (`idq`,  `id_question`, `id_game`,`description`, `id_question_type`,`id_micro_concept`,`id_level`,`id_question_classification`) VALUES (360,'NOA5.1-G1-Q7','NOA5.1-G1','Give me 7 more carrot. How Many do I have together ',2,38,1,1);
INSERT INTO `question_tbl`  (`idq`,  `id_question`, `id_game`,`description`, `id_question_type`,`id_micro_concept`,`id_level`,`id_question_classification`) VALUES (361,'NOA5.1-G1-Q8','NOA5.1-G1','Give me 8 more carrot. How Many do I have together ? ',2,38,1,1);
INSERT INTO `question_tbl`  (`idq`,  `id_question`, `id_game`,`description`, `id_question_type`,`id_micro_concept`,`id_level`,`id_question_classification`) VALUES (362,'NOA5.1-G1-Q9','NOA5.1-G1','Give me 9 more carrot. How Many do I have together ? ',2,38,1,1);
INSERT INTO `question_tbl`  (`idq`,  `id_question`, `id_game`,`description`, `id_question_type`,`id_micro_concept`,`id_level`,`id_question_classification`) VALUES (363,'NOA6.1-G1-Q1','NOA6.1-G1','How many more carrots will make a 1',2,38,1,1);
INSERT INTO `question_tbl`  (`idq`,  `id_question`, `id_game`,`description`, `id_question_type`,`id_micro_concept`,`id_level`,`id_question_classification`) VALUES (364,'NOA6.1-G1-Q2','NOA6.1-G1','How many more carrots will make a 2 ',2,38,1,1);
INSERT INTO `question_tbl`  (`idq`,  `id_question`, `id_game`,`description`, `id_question_type`,`id_micro_concept`,`id_level`,`id_question_classification`) VALUES (365,'NOA6.1-G1-Q3','NOA6.1-G1','How many more carrots will make a 3 ',2,38,1,1);
INSERT INTO `question_tbl`  (`idq`,  `id_question`, `id_game`,`description`, `id_question_type`,`id_micro_concept`,`id_level`,`id_question_classification`) VALUES (366,'NOA6.1-G1-Q4','NOA6.1-G1','How many more carrots will make a 4 ',2,38,1,1);
INSERT INTO `question_tbl`  (`idq`,  `id_question`, `id_game`,`description`, `id_question_type`,`id_micro_concept`,`id_level`,`id_question_classification`) VALUES (367,'NOA6.1-G1-Q5','NOA6.1-G1','How many more carrots will make a 5 ',2,38,1,1);
INSERT INTO `question_tbl`  (`idq`,  `id_question`, `id_game`,`description`, `id_question_type`,`id_micro_concept`,`id_level`,`id_question_classification`) VALUES (368,'NOA6.1-G1-Q6','NOA6.1-G1','How many more carrots will make a 6 ',2,38,1,1);
INSERT INTO `question_tbl`  (`idq`,  `id_question`, `id_game`,`description`, `id_question_type`,`id_micro_concept`,`id_level`,`id_question_classification`) VALUES (369,'NOA6.1-G1-Q7','NOA6.1-G1','How many more carrots will make a 7 ',2,38,1,1);
INSERT INTO `question_tbl`  (`idq`,  `id_question`, `id_game`,`description`, `id_question_type`,`id_micro_concept`,`id_level`,`id_question_classification`) VALUES (370,'NOA6.1-G1-Q8','NOA6.1-G1','How many more carrots will make a 8 ',2,38,1,1);
INSERT INTO `question_tbl`  (`idq`,  `id_question`, `id_game`,`description`, `id_question_type`,`id_micro_concept`,`id_level`,`id_question_classification`) VALUES (371,'NOA6.1-G1-Q9','NOA6.1-G1','How many more carrots will make a 9 ',2,38,1,1);
INSERT INTO `question_tbl`  (`idq`,  `id_question`, `id_game`,`description`, `id_question_type`,`id_micro_concept`,`id_level`,`id_question_classification`) VALUES (372,'NOA7.1-G1-Q1','NOA7.1-G1','Drop the coins equal to the second number to find the sum. ',2,42,1,1);
INSERT INTO `question_tbl`  (`idq`,  `id_question`, `id_game`,`description`, `id_question_type`,`id_micro_concept`,`id_level`,`id_question_classification`) VALUES (373,'NOA7.2-G1-Q1','NOA7.2-G1','Drop the coins equal to the second number to find the sum. ',2,42,1,1);
INSERT INTO `question_tbl`  (`idq`,  `id_question`, `id_game`,`description`, `id_question_type`,`id_micro_concept`,`id_level`,`id_question_classification`) VALUES (374,'NOS8.1-G1-Q1','NOS8.1-G1','Give me 1 carrot - how many are left',2,66,1,1);
INSERT INTO `question_tbl`  (`idq`,  `id_question`, `id_game`,`description`, `id_question_type`,`id_micro_concept`,`id_level`,`id_question_classification`) VALUES (375,'NOS8.1-G1-Q2','NOS8.1-G1','Give me 2 carrots- how many are left',2,66,1,1);
INSERT INTO `question_tbl`  (`idq`,  `id_question`, `id_game`,`description`, `id_question_type`,`id_micro_concept`,`id_level`,`id_question_classification`) VALUES (376,'NOS8.1-G1-Q3','NOS8.1-G1','Give me 3 carrots - how many are left',2,66,1,1);
INSERT INTO `question_tbl`  (`idq`,  `id_question`, `id_game`,`description`, `id_question_type`,`id_micro_concept`,`id_level`,`id_question_classification`) VALUES (377,'NOS8.1-G1-Q4','NOS8.1-G1','Give me 4 carrots - how may are left',2,66,1,1);
INSERT INTO `question_tbl`  (`idq`,  `id_question`, `id_game`,`description`, `id_question_type`,`id_micro_concept`,`id_level`,`id_question_classification`) VALUES (378,'NOS8.1-G1-Q5','NOS8.1-G1','Give me 5 carrots - how many are left',2,66,1,1);
INSERT INTO `question_tbl`  (`idq`,  `id_question`, `id_game`,`description`, `id_question_type`,`id_micro_concept`,`id_level`,`id_question_classification`) VALUES (379,'NOS8.1-G1-Q6','NOS8.1-G1','Give me 6 carrots - how many are left',2,66,1,1);
INSERT INTO `question_tbl`  (`idq`,  `id_question`, `id_game`,`description`, `id_question_type`,`id_micro_concept`,`id_level`,`id_question_classification`) VALUES (380,'NOS8.1-G1-Q7','NOS8.1-G1','Give me 7 carrots - how many are left',2,66,1,1);
INSERT INTO `question_tbl`  (`idq`,  `id_question`, `id_game`,`description`, `id_question_type`,`id_micro_concept`,`id_level`,`id_question_classification`) VALUES (381,'NOS8.1-G1-Q8','NOS8.1-G1','Give me 8 carrots - how many are left',2,66,1,1);
INSERT INTO `question_tbl`  (`idq`,  `id_question`, `id_game`,`description`, `id_question_type`,`id_micro_concept`,`id_level`,`id_question_classification`) VALUES (382,'NOS8.1-G1-Q9','NOS8.1-G1','Give me 9 carrots - how many are left',2,66,1,1);
INSERT INTO `question_tbl`  (`idq`,  `id_question`, `id_game`,`description`, `id_question_type`,`id_micro_concept`,`id_level`,`id_question_classification`) VALUES (383,'NOS9.1-G1-Q1','NOS9.1-G1','Count and burst the purple balloons. How many pink ballons are left',2,63,1,1);
INSERT INTO `question_tbl`  (`idq`,  `id_question`, `id_game`,`description`, `id_question_type`,`id_micro_concept`,`id_level`,`id_question_classification`) VALUES (384,'NOS10.1-G1-Q1','NOS10.1-G1','Put the coloured coins equal to the second number into the coloured slot to subtract it.',2,69,1,1);
INSERT INTO `question_tbl`  (`idq`,  `id_question`, `id_game`,`description`, `id_question_type`,`id_micro_concept`,`id_level`,`id_question_classification`) VALUES (385,'NOS10.2-G1-Q1','NOS10.2-G1','Put the coloured coins equal to the second number into the coloured slot to subtract it.  ',2,68,1,1);
INSERT INTO `question_tbl`  (`idq`,  `id_question`, `id_game`,`description`, `id_question_type`,`id_micro_concept`,`id_level`,`id_question_classification`) VALUES (386,'NOM11.1-G1-Q1','NOM11.1-G1','How many apples together ',2,58,1,1);
INSERT INTO `question_tbl`  (`idq`,  `id_question`, `id_game`,`description`, `id_question_type`,`id_micro_concept`,`id_level`,`id_question_classification`) VALUES (387,'NOM11.2-G1-Q1','NOM11.2-G1','Place the groups of apples in the boxes ,  how many are there altogether? ',2,58,1,1);
INSERT INTO `question_tbl`  (`idq`,  `id_question`, `id_game`,`description`, `id_question_type`,`id_micro_concept`,`id_level`,`id_question_classification`) VALUES (388,'NOM12.3-G1-Q1','NOM12.3-G1','What is the product ',2,60,1,1);
INSERT INTO `question_tbl`  (`idq`,  `id_question`, `id_game`,`description`, `id_question_type`,`id_micro_concept`,`id_level`,`id_question_classification`) VALUES (389,'NOD16.1-G1-Q1','NOD16.1-G1','Give  1 carrot to each rabbit. How many rabbits did you feed',2,49,1,1);
INSERT INTO `question_tbl`  (`idq`,  `id_question`, `id_game`,`description`, `id_question_type`,`id_micro_concept`,`id_level`,`id_question_classification`) VALUES (390,'NOD16.1-G1-Q2','NOD16.1-G1','Give  2 carrot to each rabbit. How many rabbits did you feed',2,49,1,1);
INSERT INTO `question_tbl`  (`idq`,  `id_question`, `id_game`,`description`, `id_question_type`,`id_micro_concept`,`id_level`,`id_question_classification`) VALUES (391,'NOD16.1-G1-Q3','NOD16.1-G1','Give  3 carrot to each rabbit. How many rabbits did you feed',2,49,1,1);
INSERT INTO `question_tbl`  (`idq`,  `id_question`, `id_game`,`description`, `id_question_type`,`id_micro_concept`,`id_level`,`id_question_classification`) VALUES (392,'NOD16.1-G1-Q4','NOD16.1-G1','Give  4 carrot to each rabbit. How many rabbits did you feed',2,49,1,1);
INSERT INTO `question_tbl`  (`idq`,  `id_question`, `id_game`,`description`, `id_question_type`,`id_micro_concept`,`id_level`,`id_question_classification`) VALUES (393,'NOD16.1-G1-Q5','NOD16.1-G1','Give  5 carrot to each rabbit. How many rabbits did you feed',2,49,1,1);
INSERT INTO `question_tbl`  (`idq`,  `id_question`, `id_game`,`description`, `id_question_type`,`id_micro_concept`,`id_level`,`id_question_classification`) VALUES (394,'NOD16.1-G1-Q6','NOD16.1-G1','Give  6 carrot to each rabbit. How many rabbits did you feed',2,49,1,1);
INSERT INTO `question_tbl`  (`idq`,  `id_question`, `id_game`,`description`, `id_question_type`,`id_micro_concept`,`id_level`,`id_question_classification`) VALUES (395,'NODD16.1-G1-Q7','NOD16.1-G1','Give  7 carrot to each rabbit. How many rabbits did you feed',2,49,1,1);
INSERT INTO `question_tbl`  (`idq`,  `id_question`, `id_game`,`description`, `id_question_type`,`id_micro_concept`,`id_level`,`id_question_classification`) VALUES (396,'NOD16.1-G1-Q8','NOD16.1-G1','Give  8 carrot to each rabbit. How many rabbits did you feed',2,49,1,1);
INSERT INTO `question_tbl`  (`idq`,  `id_question`, `id_game`,`description`, `id_question_type`,`id_micro_concept`,`id_level`,`id_question_classification`) VALUES (397,'NOD16.1-G1-Q9','NOD16.1-G1','Give  9 carrot to each rabbit. How many rabbits did you feed',2,49,1,1);
INSERT INTO `question_tbl`  (`idq`,  `id_question`, `id_game`,`description`, `id_question_type`,`id_micro_concept`,`id_level`,`id_question_classification`) VALUES (398,'NOD16.2-G1-Q1','NOD16.2-G1','Give  1 carrot to each rabbit. How many rabbits did you feed? How many carrots are left',2,49,1,1);
INSERT INTO `question_tbl`  (`idq`,  `id_question`, `id_game`,`description`, `id_question_type`,`id_micro_concept`,`id_level`,`id_question_classification`) VALUES (399,'NOD16.2-G1-Q2','NOD16.2-G1','Give  2 carrot to each rabbit. How many rabbits did you feed?How many carrots are left',2,49,1,1);
INSERT INTO `question_tbl`  (`idq`,  `id_question`, `id_game`,`description`, `id_question_type`,`id_micro_concept`,`id_level`,`id_question_classification`) VALUES (400,'NOD16.2-G1-Q3','NOD16.2-G1','Give  3 carrot to each rabbit. How many rabbits did you feed?How many carrots are left',2,49,1,1);
INSERT INTO `question_tbl`  (`idq`,  `id_question`, `id_game`,`description`, `id_question_type`,`id_micro_concept`,`id_level`,`id_question_classification`) VALUES (401,'NOD16.2-G1-Q4','NOD16.2-G1','Give  4 carrot to each rabbit. How many rabbits did you feed?How many carrots are left',2,49,1,1);
INSERT INTO `question_tbl`  (`idq`,  `id_question`, `id_game`,`description`, `id_question_type`,`id_micro_concept`,`id_level`,`id_question_classification`) VALUES (402,'NOD16.2-G1-Q5','NOD16.2-G1','Give  5 carrot to each rabbit. How many rabbits did you feed?How many carrots are left',2,49,1,1);
INSERT INTO `question_tbl`  (`idq`,  `id_question`, `id_game`,`description`, `id_question_type`,`id_micro_concept`,`id_level`,`id_question_classification`) VALUES (403,'NOD16.2-G1-Q6','NOD16.2-G1','Give  6 carrot to each rabbit. How many rabbits did you feed?How many carrots are left',2,49,1,1);
INSERT INTO `question_tbl`  (`idq`,  `id_question`, `id_game`,`description`, `id_question_type`,`id_micro_concept`,`id_level`,`id_question_classification`) VALUES (404,'NOD16.2-G1-Q7','NOD16.2-G1','Give  7 carrot to each rabbit. How many rabbits did you feed?How many carrots are left',2,49,1,1);
INSERT INTO `question_tbl`  (`idq`,  `id_question`, `id_game`,`description`, `id_question_type`,`id_micro_concept`,`id_level`,`id_question_classification`) VALUES (405,'NOD16.2-G1-Q8','NOD16.2-G1','Give  8 carrot to each rabbit. How many rabbits did you feed?How many carrots are left',2,49,1,1);
INSERT INTO `question_tbl`  (`idq`,  `id_question`, `id_game`,`description`, `id_question_type`,`id_micro_concept`,`id_level`,`id_question_classification`) VALUES (406,'NOD16.2-G1-Q9','NOD16.2-G1','Give  9 carrot to each rabbit. How many rabbits did you feed?How many carrots are left',2,49,1,1);
INSERT INTO `question_tbl`  (`idq`,  `id_question`, `id_game`,`description`, `id_question_type`,`id_micro_concept`,`id_level`,`id_question_classification`) VALUES (407,'NSS2.1-G2-Q1','NSS2.1-G2','Select the catterpillar that is displaying the numbers in sequence',3,37,1,1);
INSERT INTO `question_tbl`  (`idq`,  `id_question`, `id_game`,`description`, `id_question_type`,`id_micro_concept`,`id_level`,`id_question_classification`) VALUES (408,'NSS2.2-G2-Q1','NSS2.2-G2','Place the numbers in sequecne on the catterpillars body',5,37,1,1);
INSERT INTO `question_tbl`  (`idq`,  `id_question`, `id_game`,`description`, `id_question_type`,`id_micro_concept`,`id_level`,`id_question_classification`) VALUES (409,'NSS2.3-G2-Q1','NSS2.3-G2','Place the missing numbers in sequence on the catterpillars body',5,33,1,1);
INSERT INTO `question_tbl`  (`idq`,  `id_question`, `id_game`,`description`, `id_question_type`,`id_micro_concept`,`id_level`,`id_question_classification`) VALUES (410,'NSS2.4-G2-Q1','NSS2.4-G2','What comes before and after the number on the cattepillars body',2,31,1,1);
INSERT INTO `question_tbl`  (`idq`,  `id_question`, `id_game`,`description`, `id_question_type`,`id_micro_concept`,`id_level`,`id_question_classification`) VALUES (411,'NSS2.5-G2-Q1','NSS2.5-G2','What comes in between the two  numbers on the cattepillars body?',2,32,1,1);
INSERT INTO `question_tbl`  (`idq`,  `id_question`, `id_game`,`description`, `id_question_type`,`id_micro_concept`,`id_level`,`id_question_classification`) VALUES (412,'NSS2.6-G2-Q1','NSS2.6-G2','Place the missing piece in the puzzle',2,33,1,1);
INSERT INTO `question_tbl`  (`idq`,  `id_question`, `id_game`,`description`, `id_question_type`,`id_micro_concept`,`id_level`,`id_question_classification`) VALUES (413,'NSPV3.1-G2-Q1','NSPV3.1-G2','Drop the coins in the machine to show the displayed number. Enter the expansion form of this number',2,18,1,1);
INSERT INTO `question_tbl`  (`idq`,  `id_question`, `id_game`,`description`, `id_question_type`,`id_micro_concept`,`id_level`,`id_question_classification`) VALUES (414,'NSPV3.2-G2-Q1','NSPV3.2-G2','Count the number of blue and yellow coins and enter the number in the colored boxes',2,18,1,1);
INSERT INTO `question_tbl`  (`idq`,  `id_question`, `id_game`,`description`, `id_question_type`,`id_micro_concept`,`id_level`,`id_question_classification`) VALUES (415,'NSC4.3-G2-Q1','NSC4.3-G2','Compare the two numbers and place the correct symbol between the numbers',2,10,1,1);
INSERT INTO `question_tbl`  (`idq`,  `id_question`, `id_game`,`description`, `id_question_type`,`id_micro_concept`,`id_level`,`id_question_classification`) VALUES (416,'NSC4.4-G2-Q1','NSC4.4-G2','Help the boy climb up the tree by arranging the numbers in ascending order. ',5,36,1,1);
INSERT INTO `question_tbl`  (`idq`,  `id_question`, `id_game`,`description`, `id_question_type`,`id_micro_concept`,`id_level`,`id_question_classification`) VALUES (417,'NSC4.5-G2-Q1','NSC4.5-G2','Help the boy climb down the tree by arranging the numbers in descending order. ',5,36,1,1);
INSERT INTO `question_tbl`  (`idq`,  `id_question`, `id_game`,`description`, `id_question_type`,`id_micro_concept`,`id_level`,`id_question_classification`) VALUES (418,'NSC4.6-G2-Q1','NSC4.6-G2','Form a 3 digit number using the given digits. ',5,9,1,1);
INSERT INTO `question_tbl`  (`idq`,  `id_question`, `id_game`,`description`, `id_question_type`,`id_micro_concept`,`id_level`,`id_question_classification`) VALUES (419,'NOA7.1-G2-Q1','NOA7.1-G2','Drop the coins equal to the second number to find the sum',2,43,1,1);
INSERT INTO `question_tbl`  (`idq`,  `id_question`, `id_game`,`description`, `id_question_type`,`id_micro_concept`,`id_level`,`id_question_classification`) VALUES (420,'NOA7.2-G2-Q1','NOA7.2-G2','Drop the coins equal to the second number to find the sum',2,42,1,1);
INSERT INTO `question_tbl`  (`idq`,  `id_question`, `id_game`,`description`, `id_question_type`,`id_micro_concept`,`id_level`,`id_question_classification`) VALUES (421,'NOS10.1-G2-Q1','NOS10.1-G2','Put the coloured coins equal to the second number into the coloured slot to subtract it. ',2,69,1,1);
INSERT INTO `question_tbl`  (`idq`,  `id_question`, `id_game`,`description`, `id_question_type`,`id_micro_concept`,`id_level`,`id_question_classification`) VALUES (422,'NOS10.2-G2-Q1','NOS10.2-G2','Put the coloured coins equal to the second number into the coloured slot to subtract it.  ',2,68,1,1);
INSERT INTO `question_tbl`  (`idq`,  `id_question`, `id_game`,`description`, `id_question_type`,`id_micro_concept`,`id_level`,`id_question_classification`) VALUES (423,'NOM12.1-G2-Q1','NOM12.1-G2','Drag/tap on the eggs to show the given multiplication fact  and find the product',2,53,1,1);
INSERT INTO `question_tbl`  (`idq`,  `id_question`, `id_game`,`description`, `id_question_type`,`id_micro_concept`,`id_level`,`id_question_classification`) VALUES (424,'NOM12.2-G2-Q1','NOM12.2-G2','Drag/tap on the eggs to generate the multiplication table and write the product',2,60,1,1);
INSERT INTO `question_tbl`  (`idq`,  `id_question`, `id_game`,`description`, `id_question_type`,`id_micro_concept`,`id_level`,`id_question_classification`) VALUES (425,'NOM12.3-G2-Q1','NOM12.3-G2','What is the product',2,60,1,1);
INSERT INTO `question_tbl`  (`idq`,  `id_question`, `id_game`,`description`, `id_question_type`,`id_micro_concept`,`id_level`,`id_question_classification`) VALUES (426,'NOD15.1-G2-Q1','NOD15.1-G2','Distribute equally  the fish in the bigger tank into the smaller tanks. How many fish in each small tank',2,49,1,1);
INSERT INTO `question_tbl`  (`idq`,  `id_question`, `id_game`,`description`, `id_question_type`,`id_micro_concept`,`id_level`,`id_question_classification`) VALUES (427,'NOD15.2-G2-Q1','NOD15.2-G2','Distribute equally  the fish in the bigger tank into the smaller tanks. How many fish in each small tank? How many remaining in the big tank',2,49,1,1);
INSERT INTO `question_tbl`  (`idq`,  `id_question`, `id_game`,`description`, `id_question_type`,`id_micro_concept`,`id_level`,`id_question_classification`) VALUES (428,'NOD16.1-G2-Q1','NOD16.1-G2','Give  1 carrot to each rabbit. How many rabbits did you feed',2,49,1,1);
INSERT INTO `question_tbl`  (`idq`,  `id_question`, `id_game`,`description`, `id_question_type`,`id_micro_concept`,`id_level`,`id_question_classification`) VALUES (429,'NOD16.1-G2-Q2','NOD16.1-G2','Give  2 carrot to each rabbit. How many rabbits did you feed',2,49,1,1);
INSERT INTO `question_tbl`  (`idq`,  `id_question`, `id_game`,`description`, `id_question_type`,`id_micro_concept`,`id_level`,`id_question_classification`) VALUES (430,'NOD16.1-G2-Q3','NOD16.1-G2','Give  3 carrot to each rabbit. How many rabbits did you feed',2,49,1,1);
INSERT INTO `question_tbl`  (`idq`,  `id_question`, `id_game`,`description`, `id_question_type`,`id_micro_concept`,`id_level`,`id_question_classification`) VALUES (431,'NOD16.1-G2-Q4','NOD16.1-G2','Give  4 carrot to each rabbit. How many rabbits did you feed',2,49,1,1);
INSERT INTO `question_tbl`  (`idq`,  `id_question`, `id_game`,`description`, `id_question_type`,`id_micro_concept`,`id_level`,`id_question_classification`) VALUES (432,'NOD16.1-G2-Q5','NOD16.1-G2','Give  5 carrot to each rabbit. How many rabbits did you feed',2,49,1,1);
INSERT INTO `question_tbl`  (`idq`,  `id_question`, `id_game`,`description`, `id_question_type`,`id_micro_concept`,`id_level`,`id_question_classification`) VALUES (433,'NOD16.1-G2-Q6','NOD16.1-G2','Give  6 carrot to each rabbit. How many rabbits did you feed',2,49,1,1);
INSERT INTO `question_tbl`  (`idq`,  `id_question`, `id_game`,`description`, `id_question_type`,`id_micro_concept`,`id_level`,`id_question_classification`) VALUES (434,'NOD16.1-G2-Q7','NOD16.1-G2','Give  7 carrot to each rabbit. How many rabbits did you feed',2,49,1,1);
INSERT INTO `question_tbl`  (`idq`,  `id_question`, `id_game`,`description`, `id_question_type`,`id_micro_concept`,`id_level`,`id_question_classification`) VALUES (435,'NOD16.1-G2-Q8','NOD16.1-G2','Give  8 carrot to each rabbit. How many rabbits did you feed',2,49,1,1);
INSERT INTO `question_tbl`  (`idq`,  `id_question`, `id_game`,`description`, `id_question_type`,`id_micro_concept`,`id_level`,`id_question_classification`) VALUES (436,'NOD16.1-G2-Q9','NOD16.1-G2','Give  9 carrot to each rabbit. How many rabbits did you feed',2,49,1,1);
INSERT INTO `question_tbl`  (`idq`,  `id_question`, `id_game`,`description`, `id_question_type`,`id_micro_concept`,`id_level`,`id_question_classification`) VALUES (437,'NOD16.2-G2-Q1','NOD16.2-G2','Give  1 carrot to each rabbit. How many rabbits did you feed? How many carrots are left',2,49,1,1);
INSERT INTO `question_tbl`  (`idq`,  `id_question`, `id_game`,`description`, `id_question_type`,`id_micro_concept`,`id_level`,`id_question_classification`) VALUES (438,'NOD16.2-G2-Q2','NOD16.2-G2','Give  2 carrot to each rabbit. How many rabbits did you feed?How many carrots are left',2,49,1,1);
INSERT INTO `question_tbl`  (`idq`,  `id_question`, `id_game`,`description`, `id_question_type`,`id_micro_concept`,`id_level`,`id_question_classification`) VALUES (439,'NOD16.2-G2-Q3','NOD16.2-G2','Give  3 carrot to each rabbit. How many rabbits did you feed?How many carrots are left',2,49,1,1);
INSERT INTO `question_tbl`  (`idq`,  `id_question`, `id_game`,`description`, `id_question_type`,`id_micro_concept`,`id_level`,`id_question_classification`) VALUES (440,'NOD16.2-G2-Q4','NOD16.2-G2','Give  4 carrot to each rabbit. How many rabbits did you feed?How many carrots are left',2,49,1,1);
INSERT INTO `question_tbl`  (`idq`,  `id_question`, `id_game`,`description`, `id_question_type`,`id_micro_concept`,`id_level`,`id_question_classification`) VALUES (441,'NOD16.2-G2-Q5','NOD16.2-G2','Give  5 carrot to each rabbit. How many rabbits did you feed?How many carrots are left',2,49,1,1);
INSERT INTO `question_tbl`  (`idq`,  `id_question`, `id_game`,`description`, `id_question_type`,`id_micro_concept`,`id_level`,`id_question_classification`) VALUES (442,'NOD16.2-G2-Q6','NOD16.2-G2','Give  6 carrot to each rabbit. How many rabbits did you feed?How many carrots are left',2,49,1,1);
INSERT INTO `question_tbl`  (`idq`,  `id_question`, `id_game`,`description`, `id_question_type`,`id_micro_concept`,`id_level`,`id_question_classification`) VALUES (443,'NOD16.2-G2-Q7','NOD16.2-G2','Give  7 carrot to each rabbit. How many rabbits did you feed?How many carrots are left',2,49,1,1);
INSERT INTO `question_tbl`  (`idq`,  `id_question`, `id_game`,`description`, `id_question_type`,`id_micro_concept`,`id_level`,`id_question_classification`) VALUES (444,'NOD16.2-G2-Q8','NOD16.2-G2','Give  8 carrot to each rabbit. How many rabbits did you feed?How many carrots are left',2,49,1,1);
INSERT INTO `question_tbl`  (`idq`,  `id_question`, `id_game`,`description`, `id_question_type`,`id_micro_concept`,`id_level`,`id_question_classification`) VALUES (445,'NOD16.2-G2-Q9','NOD16.2-G2','Give  9 carrot to each rabbit. How many rabbits did you feed?How many carrots are left',2,49,1,1);
INSERT INTO `question_tbl`  (`idq`,  `id_question`, `id_game`,`description`, `id_question_type`,`id_micro_concept`,`id_level`,`id_question_classification`) VALUES (446,'NOD16.3-G2-Q1','NOD16.3-G2','Distribute the eggs in each row in the crete to the baskets. How many baskets did you fill',2,53,1,1);
INSERT INTO `question_tbl`  (`idq`,  `id_question`, `id_game`,`description`, `id_question_type`,`id_micro_concept`,`id_level`,`id_question_classification`) VALUES (447,'NOD17.2-G2-Q1','NOD17.2-G2','Distribute the coins which are in the machine equally to each tray. ',2,50,1,1);
INSERT INTO `question_tbl`  (`idq`,  `id_question`, `id_game`,`description`, `id_question_type`,`id_micro_concept`,`id_level`,`id_question_classification`) VALUES (448,'NOD17.3-G2-Q1','NOD17.3-G2','Distribute the coins which are in the machine equally to each tray. ',2,51,1,1);
INSERT INTO `question_tbl`  (`idq`,  `id_question`, `id_game`,`description`, `id_question_type`,`id_micro_concept`,`id_level`,`id_question_classification`) VALUES (449,'NSS2.1-G3-Q1','NSS2.1-G3','Select the catterpillar that is displaying the numbers in sequence',3,37,1,1);
INSERT INTO `question_tbl`  (`idq`,  `id_question`, `id_game`,`description`, `id_question_type`,`id_micro_concept`,`id_level`,`id_question_classification`) VALUES (450,'NSS2.2-G3-Q1','NSS2.2-G3','Place the numbers in sequecne on the catterpillars body',5,37,1,1);
INSERT INTO `question_tbl`  (`idq`,  `id_question`, `id_game`,`description`, `id_question_type`,`id_micro_concept`,`id_level`,`id_question_classification`) VALUES (451,'NSS2.3-G3-Q1','NSS2.3-G3','Place the missing numbers in sequence on the catterpillars body',5,33,1,1);
INSERT INTO `question_tbl`  (`idq`,  `id_question`, `id_game`,`description`, `id_question_type`,`id_micro_concept`,`id_level`,`id_question_classification`) VALUES (452,'NSS2.4-G3-Q1','NSS2.4-G3','What comes before and after the number on the cattepillars body',2,31,1,1);
INSERT INTO `question_tbl`  (`idq`,  `id_question`, `id_game`,`description`, `id_question_type`,`id_micro_concept`,`id_level`,`id_question_classification`) VALUES (453,'NSS2.5-G3-Q1','NSS2.5-G3','What comes in between the two  numbers on the cattepillars body?',2,32,1,1);
INSERT INTO `question_tbl`  (`idq`,  `id_question`, `id_game`,`description`, `id_question_type`,`id_micro_concept`,`id_level`,`id_question_classification`) VALUES (454,'NSS2.6-G3-Q1','NSS2.6-G3','Place the missing piece in the puzzle',2,33,1,1);
INSERT INTO `question_tbl`  (`idq`,  `id_question`, `id_game`,`description`, `id_question_type`,`id_micro_concept`,`id_level`,`id_question_classification`) VALUES (455,'NSPV3.1-G3-Q1','NSPV3.1-G3','Drop the coins in the machine to show the displayed number',2,18,1,1);
INSERT INTO `question_tbl`  (`idq`,  `id_question`, `id_game`,`description`, `id_question_type`,`id_micro_concept`,`id_level`,`id_question_classification`) VALUES (456,'NSPV3.2-G3-Q1','NSPV3.2-G3','Count the number of green, blue and yellow coins and enter the number in the colored boxes',2,18,1,1);
INSERT INTO `question_tbl`  (`idq`,  `id_question`, `id_game`,`description`, `id_question_type`,`id_micro_concept`,`id_level`,`id_question_classification`) VALUES (457,'NSC4.3-G3-Q1','NSC4.3-G3','Compare the two numbers and place the correct symbol between the numbers',2,10,1,1);
INSERT INTO `question_tbl`  (`idq`,  `id_question`, `id_game`,`description`, `id_question_type`,`id_micro_concept`,`id_level`,`id_question_classification`) VALUES (458,'NSC4.4-G3-Q1','NSC4.4-G3','Help the boy climb up the tree by arranging the numbers in ascending order. Start by placing  the smallest number at the bottom',5,36,1,1);
INSERT INTO `question_tbl`  (`idq`,  `id_question`, `id_game`,`description`, `id_question_type`,`id_micro_concept`,`id_level`,`id_question_classification`) VALUES (459,'NSC4.5-G3-Q1','NSC4.5-G3','Help the boy climb down the tree by arranging the numbers in descending order. Start by placing the biggest number at the top',5,36,1,1);
INSERT INTO `question_tbl`  (`idq`,  `id_question`, `id_game`,`description`, `id_question_type`,`id_micro_concept`,`id_level`,`id_question_classification`) VALUES (460,'NSC4.6-G3-Q1','NSC4.6-G3','Form a 3 digit number using the given digits . Place the smallest number formed below the mouse and the biggest number below the elephant',5,9,1,1);
INSERT INTO `question_tbl`  (`idq`,  `id_question`, `id_game`,`description`, `id_question_type`,`id_micro_concept`,`id_level`,`id_question_classification`) VALUES (461,'NOA7.1-G3-Q1','NOA7.1-G3','Drop the coins equal to the second number to find the sum',2,43,1,1);
INSERT INTO `question_tbl`  (`idq`,  `id_question`, `id_game`,`description`, `id_question_type`,`id_micro_concept`,`id_level`,`id_question_classification`) VALUES (462,'NOA7.2-G3-Q1','NOA7.2-G3','Drop the coins equal to the second number to find the sum',2,42,1,1);
INSERT INTO `question_tbl`  (`idq`,  `id_question`, `id_game`,`description`, `id_question_type`,`id_micro_concept`,`id_level`,`id_question_classification`) VALUES (463,'NOS10.1-G3-Q1','NOS10.1-G3','Put the coloured coins equal to the second number into the coloured slot to subtract it.  ',2,69,1,1);
INSERT INTO `question_tbl`  (`idq`,  `id_question`, `id_game`,`description`, `id_question_type`,`id_micro_concept`,`id_level`,`id_question_classification`) VALUES (464,'NOS10.2-G3-Q1','NOS10.2-G3','Put the coloured coins equal to the second number into the coloured slot to subtract it. ',2,68,1,1);
INSERT INTO `question_tbl`  (`idq`,  `id_question`, `id_game`,`description`, `id_question_type`,`id_micro_concept`,`id_level`,`id_question_classification`) VALUES (465,'NOM12.3-G3-Q1','NOM12.3-G3','What is the product ',2,60,1,1);
INSERT INTO `question_tbl`  (`idq`,  `id_question`, `id_game`,`description`, `id_question_type`,`id_micro_concept`,`id_level`,`id_question_classification`) VALUES (466,'NOM13.1-G3-Q1','NOM13.1-G3','Fix thepuzzle pieces to complete the multiplication grid',2,60,1,1);
INSERT INTO `question_tbl`  (`idq`,  `id_question`, `id_game`,`description`, `id_question_type`,`id_micro_concept`,`id_level`,`id_question_classification`) VALUES (467,'NOM14.1-G3-Q1','NOM14.1-G3','Use the green 100s plate , the blue tens rod and the yellow ones cube to fill the empty grid. Add these  to find the product',2,59,1,1);
INSERT INTO `question_tbl`  (`idq`,  `id_question`, `id_game`,`description`, `id_question_type`,`id_micro_concept`,`id_level`,`id_question_classification`) VALUES (468,'NOM14.2-G3-Q1','NOM14.2-G3','Represent the multipicands using the blue rods and yellow cubes by placing in orange row and column. Use the green 100s plate , the blue tens rod and the yellow ones cube to fill the empty grid. Add these  to find the product',2,59,1,1);
INSERT INTO `question_tbl`  (`idq`,  `id_question`, `id_game`,`description`, `id_question_type`,`id_micro_concept`,`id_level`,`id_question_classification`) VALUES (469,'NOD16.1-G3-Q1','NOD16.1-G3','Give  1 carrot to each rabbit. How many rabbits did you feed',2,49,1,1);
INSERT INTO `question_tbl`  (`idq`,  `id_question`, `id_game`,`description`, `id_question_type`,`id_micro_concept`,`id_level`,`id_question_classification`) VALUES (470,'NOD16.1-G3-Q2','NOD16.1-G3','Give  2 carrot to each rabbit. How many rabbits did you feed',2,49,1,1);
INSERT INTO `question_tbl`  (`idq`,  `id_question`, `id_game`,`description`, `id_question_type`,`id_micro_concept`,`id_level`,`id_question_classification`) VALUES (471,'NOD16.1-G3-Q3','NOD16.1-G3','Give  3 carrot to each rabbit. How many rabbits did you feed',2,49,1,1);
INSERT INTO `question_tbl`  (`idq`,  `id_question`, `id_game`,`description`, `id_question_type`,`id_micro_concept`,`id_level`,`id_question_classification`) VALUES (472,'NOD16.1-G3-Q4','NOD16.1-G3','Give  4 carrot to each rabbit. How many rabbits did you feed',2,49,1,1);
INSERT INTO `question_tbl`  (`idq`,  `id_question`, `id_game`,`description`, `id_question_type`,`id_micro_concept`,`id_level`,`id_question_classification`) VALUES (473,'NOD16.1-G3-Q5','NOD16.1-G3','Give  5 carrot to each rabbit. How many rabbits did you feed',2,49,1,1);
INSERT INTO `question_tbl`  (`idq`,  `id_question`, `id_game`,`description`, `id_question_type`,`id_micro_concept`,`id_level`,`id_question_classification`) VALUES (474,'NOD16.1-G3-Q6','NOD16.1-G3','Give  6 carrot to each rabbit. How many rabbits did you feed',2,49,1,1);
INSERT INTO `question_tbl`  (`idq`,  `id_question`, `id_game`,`description`, `id_question_type`,`id_micro_concept`,`id_level`,`id_question_classification`) VALUES (475,'NOD16.1-G3-Q7','NOD16.1-G3','Give  7 carrot to each rabbit. How many rabbits did you feed',2,49,1,1);
INSERT INTO `question_tbl`  (`idq`,  `id_question`, `id_game`,`description`, `id_question_type`,`id_micro_concept`,`id_level`,`id_question_classification`) VALUES (476,'NOD16.1-G3-Q8','NOD16.1-G3','Give  8 carrot to each rabbit. How many rabbits did you feed',2,49,1,1);
INSERT INTO `question_tbl`  (`idq`,  `id_question`, `id_game`,`description`, `id_question_type`,`id_micro_concept`,`id_level`,`id_question_classification`) VALUES (477,'NOD16.1-G3-Q9','NOD16.1-G3','Give  9 carrot to each rabbit. How many rabbits did you feed',2,49,1,1);
INSERT INTO `question_tbl`  (`idq`,  `id_question`, `id_game`,`description`, `id_question_type`,`id_micro_concept`,`id_level`,`id_question_classification`) VALUES (478,'NOD16.2-G3-Q1','NOD16.2-G3','Give  1 carrot to each rabbit. How many rabbits did you feed? How many carrots are left',2,49,1,1);
INSERT INTO `question_tbl`  (`idq`,  `id_question`, `id_game`,`description`, `id_question_type`,`id_micro_concept`,`id_level`,`id_question_classification`) VALUES (479,'NOD16.2-G3-Q2','NOD16.2-G3','Give  2 carrot to each rabbit. How many rabbits did you feed?How many carrots are left',2,49,1,1);
INSERT INTO `question_tbl`  (`idq`,  `id_question`, `id_game`,`description`, `id_question_type`,`id_micro_concept`,`id_level`,`id_question_classification`) VALUES (480,'NOD16.2-G3-Q3','NOD16.2-G3','Give  3 carrot to each rabbit. How many rabbits did you feed?How many carrots are left',2,49,1,1);
INSERT INTO `question_tbl`  (`idq`,  `id_question`, `id_game`,`description`, `id_question_type`,`id_micro_concept`,`id_level`,`id_question_classification`) VALUES (481,'NOD16.2-G3-Q4','NOD16.2-G3','Give  4 carrot to each rabbit. How many rabbits did you feed?How many carrots are left',2,49,1,1);
INSERT INTO `question_tbl`  (`idq`,  `id_question`, `id_game`,`description`, `id_question_type`,`id_micro_concept`,`id_level`,`id_question_classification`) VALUES (482,'NOD16.2-G3-Q5','NOD16.2-G3','Give  5 carrot to each rabbit. How many rabbits did you feed?How many carrots are left',2,49,1,1);
INSERT INTO `question_tbl`  (`idq`,  `id_question`, `id_game`,`description`, `id_question_type`,`id_micro_concept`,`id_level`,`id_question_classification`) VALUES (483,'NOD16.2-G3-Q6','NOD16.2-G3','Give  6 carrot to each rabbit. How many rabbits did you feed?How many carrots are left',2,49,1,1);
INSERT INTO `question_tbl`  (`idq`,  `id_question`, `id_game`,`description`, `id_question_type`,`id_micro_concept`,`id_level`,`id_question_classification`) VALUES (484,'NOD16.2-G3-Q7','NOD16.2-G3','Give  7 carrot to each rabbit. How many rabbits did you feed?How many carrots are left',2,49,1,1);
INSERT INTO `question_tbl`  (`idq`,  `id_question`, `id_game`,`description`, `id_question_type`,`id_micro_concept`,`id_level`,`id_question_classification`) VALUES (485,'NOD16.2-G3-Q8','NOD16.2-G3','Give  8 carrot to each rabbit. How many rabbits did you feed?How many carrots are left',2,49,1,1);
INSERT INTO `question_tbl`  (`idq`,  `id_question`, `id_game`,`description`, `id_question_type`,`id_micro_concept`,`id_level`,`id_question_classification`) VALUES (486,'NOD16.2-G3-Q9','NOD16.2-G3','Give  9 carrot to each rabbit. How many rabbits did you feed?How many carrots are left',2,49,1,1);
INSERT INTO `question_tbl`  (`idq`,  `id_question`, `id_game`,`description`, `id_question_type`,`id_micro_concept`,`id_level`,`id_question_classification`) VALUES (487,'NOD16.3-G3-Q1','NOD16.3-G3','Distribute the eggs in each row in the crete to the baskets. How many baskets did you fill',2,49,1,1);
INSERT INTO `question_tbl`  (`idq`,  `id_question`, `id_game`,`description`, `id_question_type`,`id_micro_concept`,`id_level`,`id_question_classification`) VALUES (488,'NOD17.2-G3-Q1','NOD17.2-G3','Distribute the coins which are in the machine equally to each tray.  How many coins are there in one tray?Write the answers in coloured boxes. ',2,50,1,1);
INSERT INTO `question_tbl`  (`idq`,  `id_question`, `id_game`,`description`, `id_question_type`,`id_micro_concept`,`id_level`,`id_question_classification`) VALUES (489,'NOD17.3-G3-Q1','NOD17.3-G3','Distribute the coins which are in the machine equally to each tray. How many coins are there in one tray?  Write the answers in coloured boxes.  How many are remaining in machine ',2,51,1,1);

INSERT INTO `question_tbl`  (`idq`,  `id_question`, `id_game`,`description`, `id_question_type`,`id_micro_concept`,`id_level`,`id_question_classification`) VALUES (490,'NSF1.1A-G1-Q1','NSF1.1A-G1','Select the object divided into equal parts',3,3,1,1);
INSERT INTO `question_tbl`  (`idq`,  `id_question`, `id_game`,`description`, `id_question_type`,`id_micro_concept`,`id_level`,`id_question_classification`) VALUES (491,'NSF1.2A-G1-Q1','NSF1.2A-G1','Select the object divided into equal parts',3,3,1,1);
INSERT INTO `question_tbl`  (`idq`,  `id_question`, `id_game`,`description`, `id_question_type`,`id_micro_concept`,`id_level`,`id_question_classification`) VALUES (492,'NSF1.2B-G1-Q1','NSF1.2B-G1','Select the object divided into equal parts',3,3,1,1);
INSERT INTO `question_tbl`  (`idq`,  `id_question`, `id_game`,`description`, `id_question_type`,`id_micro_concept`,`id_level`,`id_question_classification`) VALUES (493,'NSF1.1A-G2-Q1','NSF1.1A-G2','Select the object divided into equal parts',3,3,1,1);
INSERT INTO `question_tbl`  (`idq`,  `id_question`, `id_game`,`description`, `id_question_type`,`id_micro_concept`,`id_level`,`id_question_classification`) VALUES (494,'NSF1.2A-G2-Q1','NSF1.2A-G2','Select the object divided into equal parts',3,3,1,1);
INSERT INTO `question_tbl`  (`idq`,  `id_question`, `id_game`,`description`, `id_question_type`,`id_micro_concept`,`id_level`,`id_question_classification`) VALUES (495,'NSF1.2B-G2-Q1','NSF1.2B-G2','Select the object divided into equal parts',3,3,1,1);
INSERT INTO `question_tbl`  (`idq`,  `id_question`, `id_game`,`description`, `id_question_type`,`id_micro_concept`,`id_level`,`id_question_classification`) VALUES (496,'NSF1.1B-G3-Q1','NSF1.1B-G3','Select the missing part and make the whole object (complete the object?)',3,3,1,1);
INSERT INTO `question_tbl`  (`idq`,  `id_question`, `id_game`,`description`, `id_question_type`,`id_micro_concept`,`id_level`,`id_question_classification`) VALUES (497,'NSF1.3A-G3-Q1','NSF1.3A-G3','Select the missing part and make the whole object (complete the object?)',3,3,1,1);
INSERT INTO `question_tbl`  (`idq`,  `id_question`, `id_game`,`description`, `id_question_type`,`id_micro_concept`,`id_level`,`id_question_classification`) VALUES (498,'NSF1.3B-G3-Q1','NSF1.3B-G3','Select the missing part and make the whole object (complete the object?)',3,3,1,1);
INSERT INTO `question_tbl`  (`idq`,  `id_question`, `id_game`,`description`, `id_question_type`,`id_micro_concept`,`id_level`,`id_question_classification`) VALUES (499,'NSF1.4-G3-Q1','NSF1.4-G3','Select the part that is one fourth of the whole',3,3,1,1);
INSERT INTO `question_tbl`  (`idq`,  `id_question`, `id_game`,`description`, `id_question_type`,`id_micro_concept`,`id_level`,`id_question_classification`) VALUES (500,'NSF1.4-G3-Q2','NSF1.4-G3','Select the part that is half of the whole',3,3,1,1);
INSERT INTO `question_tbl`  (`idq`,  `id_question`, `id_game`,`description`, `id_question_type`,`id_micro_concept`,`id_level`,`id_question_classification`) VALUES (501,'NSF1.4-G3-Q3','NSF1.4-G3','Select the part that is  three fourth of the whole',3,3,1,1);
INSERT INTO `question_tbl`  (`idq`,  `id_question`, `id_game`,`description`, `id_question_type`,`id_micro_concept`,`id_level`,`id_question_classification`) VALUES (502,'NSF1.4-G3-Q4','NSF1.4-G3','What fraction of the whole does orange   part represent?',3,3,1,1);
INSERT INTO `question_tbl`  (`idq`,  `id_question`, `id_game`,`description`, `id_question_type`,`id_micro_concept`,`id_level`,`id_question_classification`) VALUES (503,'NSF1.4-G3-Q5','NSF1.4-G3','What fraction of the whole does blue  part represent?',3,3,1,1);
INSERT INTO `question_tbl`  (`idq`,  `id_question`, `id_game`,`description`, `id_question_type`,`id_micro_concept`,`id_level`,`id_question_classification`) VALUES (504,'NSF1.4-G3-Q6','NSF1.4-G3','What fraction of the whole does green  part represent?',3,3,1,1);
INSERT INTO `question_tbl`  (`idq`,  `id_question`, `id_game`,`description`, `id_question_type`,`id_micro_concept`,`id_level`,`id_question_classification`) VALUES (505,'NSF1.4-G3-Q7','NSF1.4-G3','What fraction of the whole does purple  part represent?',3,3,1,1);
INSERT INTO `question_tbl`  (`idq`,  `id_question`, `id_game`,`description`, `id_question_type`,`id_micro_concept`,`id_level`,`id_question_classification`) VALUES (506,'NSF1.4-G3-Q8','NSF1.4-G3','What fraction of the whole does red  part represent?',3,3,1,1);
INSERT INTO `question_tbl`  (`idq`,  `id_question`, `id_game`,`description`, `id_question_type`,`id_micro_concept`,`id_level`,`id_question_classification`) VALUES (507,'NSF1.4-G3-Q9','NSF1.4-G3','Color the parts to represent 1/4 of the whole',2,3,1,1);
INSERT INTO `question_tbl`  (`idq`,  `id_question`, `id_game`,`description`, `id_question_type`,`id_micro_concept`,`id_level`,`id_question_classification`) VALUES (508,'NSF1.4-G3-Q10','NSF1.4-G3','Color the parts to represent 1/2 of the whole',2,3,1,1);
INSERT INTO `question_tbl`  (`idq`,  `id_question`, `id_game`,`description`, `id_question_type`,`id_micro_concept`,`id_level`,`id_question_classification`) VALUES (509,'NSF1.4-G3-Q11','NSF1.4-G3','Color the parts to represent 3/4 of the whole',2,3,1,1);
INSERT INTO `question_tbl`  (`idq`,  `id_question`, `id_game`,`description`, `id_question_type`,`id_micro_concept`,`id_level`,`id_question_classification`) VALUES (510,'NSS2.1A-G1-Q1','NSS2.1A-G1','Select the catterpillar that is displaying the numbers in sequence',3,37,1,1);
INSERT INTO `question_tbl`  (`idq`,  `id_question`, `id_game`,`description`, `id_question_type`,`id_micro_concept`,`id_level`,`id_question_classification`) VALUES (511,'NSS2.2A-G1-Q1','NSS2.2A-G1','Place the numbers in sequecne on the catterpillars body',5,37,1,1);
INSERT INTO `question_tbl`  (`idq`,  `id_question`, `id_game`,`description`, `id_question_type`,`id_micro_concept`,`id_level`,`id_question_classification`) VALUES (512,'NSS2.3A-G1-Q1','NSS2.3A-G1','Place the missing numbers in sequence on the catterpillars body',5,37,1,1);
INSERT INTO `question_tbl`  (`idq`,  `id_question`, `id_game`,`description`, `id_question_type`,`id_micro_concept`,`id_level`,`id_question_classification`) VALUES (513,'NSS2.4A-G1-Q1','NSS2.4A-G1','What comes before and after the number on the cattepillars body?',5,31,1,1);
INSERT INTO `question_tbl`  (`idq`,  `id_question`, `id_game`,`description`, `id_question_type`,`id_micro_concept`,`id_level`,`id_question_classification`) VALUES (514,'NSS2.5A-G1-Q1','NSS2.5A-G1','What comes in between the two  numbers on the cattepillars body?',5,32,1,1);
INSERT INTO `question_tbl`  (`idq`,  `id_question`, `id_game`,`description`, `id_question_type`,`id_micro_concept`,`id_level`,`id_question_classification`) VALUES (515,'NSS2.1A-G2-Q1','NSS2.1A-G2','Select the catterpillar that is displaying the numbers in sequence',3,37,1,1);
INSERT INTO `question_tbl`  (`idq`,  `id_question`, `id_game`,`description`, `id_question_type`,`id_micro_concept`,`id_level`,`id_question_classification`) VALUES (516,'NSS2.2A-G2-Q1','NSS2.2A-G2','Place the numbers in sequecne on the catterpillars body',5,37,1,1);
INSERT INTO `question_tbl`  (`idq`,  `id_question`, `id_game`,`description`, `id_question_type`,`id_micro_concept`,`id_level`,`id_question_classification`) VALUES (517,'NSS2.3A-G2-Q1','NSS2.3A-G2','Place the missing numbers in sequence on the catterpillars body',5,33,1,1);
INSERT INTO `question_tbl`  (`idq`,  `id_question`, `id_game`,`description`, `id_question_type`,`id_micro_concept`,`id_level`,`id_question_classification`) VALUES (518,'NSS2.4A-G2-Q1','NSS2.4A-G2','What comes before and after the number on the cattepillars body?',5,31,1,1);
INSERT INTO `question_tbl`  (`idq`,  `id_question`, `id_game`,`description`, `id_question_type`,`id_micro_concept`,`id_level`,`id_question_classification`) VALUES (519,'NSS2.5A-G2-Q1','NSS2.5A-G2','What comes in between the two  numbers on the cattepillars body?',5,32,1,1);
INSERT INTO `question_tbl`  (`idq`,  `id_question`, `id_game`,`description`, `id_question_type`,`id_micro_concept`,`id_level`,`id_question_classification`) VALUES (520,'NSS2.1A-G3-Q1','NSS2.1A-G3','Select the catterpillar that is displaying the numbers in sequence',3,37,1,1);
INSERT INTO `question_tbl`  (`idq`,  `id_question`, `id_game`,`description`, `id_question_type`,`id_micro_concept`,`id_level`,`id_question_classification`) VALUES (521,'NSS2.2A-G3-Q1','NSS2.2A-G3','Place the numbers in sequecne on the catterpillars body',5,37,1,1);
INSERT INTO `question_tbl`  (`idq`,  `id_question`, `id_game`,`description`, `id_question_type`,`id_micro_concept`,`id_level`,`id_question_classification`) VALUES (522,'NSS2.3A-G3-Q1','NSS2.3A-G3','Place the missing numbers in sequence on the catterpillars body',5,33,1,1);
INSERT INTO `question_tbl`  (`idq`,  `id_question`, `id_game`,`description`, `id_question_type`,`id_micro_concept`,`id_level`,`id_question_classification`) VALUES (523,'NSS2.4A-G3-Q1','NSS2.4A-G3','What comes before and after the number on the cattepillars body?',5,31,1,1);
INSERT INTO `question_tbl`  (`idq`,  `id_question`, `id_game`,`description`, `id_question_type`,`id_micro_concept`,`id_level`,`id_question_classification`) VALUES (524,'NSS2.5A-G3-Q1','NSS2.5A-G3','What comes in between the two  numbers on the cattepillars body?',5,32,1,1);
INSERT INTO `question_tbl`  (`idq`,  `id_question`, `id_game`,`description`, `id_question_type`,`id_micro_concept`,`id_level`,`id_question_classification`) VALUES (525,'NSS2.7-G3-Q1','NSS2.7-G3','Place the numbers in sequecne on the catterpillars body',5,37,1,1);
INSERT INTO `question_tbl`  (`idq`,  `id_question`, `id_game`,`description`, `id_question_type`,`id_micro_concept`,`id_level`,`id_question_classification`) VALUES (526,'NSS2.7A-G3-Q1','NSS2.7A-G3','Place the numbers in sequecne on the catterpillars body',5,37,1,1);
INSERT INTO `question_tbl`  (`idq`,  `id_question`, `id_game`,`description`, `id_question_type`,`id_micro_concept`,`id_level`,`id_question_classification`) VALUES (527,'NSPV3.1A-G1-Q1','NSPV3.1A-G1','How many Cubes',5,17,1,1);
INSERT INTO `question_tbl`  (`idq`,  `id_question`, `id_game`,`description`, `id_question_type`,`id_micro_concept`,`id_level`,`id_question_classification`) VALUES (528,'NSPV3.1A-G1-Q2','NSPV3.1A-G1','How many Sticks',5,17,1,1);
INSERT INTO `question_tbl`  (`idq`,  `id_question`, `id_game`,`description`, `id_question_type`,`id_micro_concept`,`id_level`,`id_question_classification`) VALUES (529,'NSPV3.1B-G1-Q1','NSPV3.1B-G1','How many 1s',5,17,1,1);
INSERT INTO `question_tbl`  (`idq`,  `id_question`, `id_game`,`description`, `id_question_type`,`id_micro_concept`,`id_level`,`id_question_classification`) VALUES (530,'NSC4.1A-G1-Q1','NSC4.1A-G1','less Object',4,11,1,1);
INSERT INTO `question_tbl`  (`idq`,  `id_question`, `id_game`,`description`, `id_question_type`,`id_micro_concept`,`id_level`,`id_question_classification`) VALUES (531,'NSC4.1A-G1-Q2','NSC4.1A-G1','More Object',4,11,1,1);
INSERT INTO `question_tbl`  (`idq`,  `id_question`, `id_game`,`description`, `id_question_type`,`id_micro_concept`,`id_level`,`id_question_classification`) VALUES (532,'NSC4.2A-G2-Q1','NSC4.2A-G2','Place the correct Symbol',2,11,1,1);
INSERT INTO `question_tbl`  (`idq`,  `id_question`, `id_game`,`description`, `id_question_type`,`id_micro_concept`,`id_level`,`id_question_classification`) VALUES (533,'NSC4.2A-G3-Q1','NSC4.2A-G3','Place the correct Symbol',2,11,1,1);



INSERT INTO `chm_game_master_tbl`  (`id`,`id_game`,`game_description`,`id_grade`,`gametoopen`,`prerequisitegame`) VALUES (1,'NSNG1.1','',1,'NSNG2.1','');
INSERT INTO `chm_game_master_tbl`  (`id`,`id_game`,`game_description`,`id_grade`,`gametoopen`,`prerequisitegame`) VALUES (2,'NSNG2.1','',1,'NSNG3.1','NSNG1.1');
INSERT INTO `chm_game_master_tbl`  (`id`,`id_game`,`game_description`,`id_grade`,`gametoopen`,`prerequisitegame`) VALUES (3,'NSNG3.1','',1,'NSSG1.1','NSNG2.1');
INSERT INTO `chm_game_master_tbl`  (`id`,`id_game`,`game_description`,`id_grade`,`gametoopen`,`prerequisitegame`) VALUES (4,'NSSG1.1','',1,'NSSG2.1','');
INSERT INTO `chm_game_master_tbl`  (`id`,`id_game`,`game_description`,`id_grade`,`gametoopen`,`prerequisitegame`) VALUES (5,'NSSG2.1','',1,'NSSG3.2,NOAG1.1,NOSG1.1','NSSG1.1');
INSERT INTO `chm_game_master_tbl`  (`id`,`id_game`,`game_description`,`id_grade`,`gametoopen`,`prerequisitegame`) VALUES (6,'NSSG3.2','',1,'NSSG4.2','NSSG2.1');
INSERT INTO `chm_game_master_tbl`  (`id`,`id_game`,`game_description`,`id_grade`,`gametoopen`,`prerequisitegame`) VALUES (7,'NSSG4.2','',1,'NNSG5.3','NSSG3.2');
INSERT INTO `chm_game_master_tbl`  (`id`,`id_game`,`game_description`,`id_grade`,`gametoopen`,`prerequisitegame`) VALUES (8,'NSSG5.3','',1,'NNSG6.3','NSSG4.2');
INSERT INTO `chm_game_master_tbl`  (`id`,`id_game`,`game_description`,`id_grade`,`gametoopen`,`prerequisitegame`) VALUES (9,'NSSG6.3','',1,'','NSSG5.3');
INSERT INTO `chm_game_master_tbl`  (`id`,`id_game`,`game_description`,`id_grade`,`gametoopen`,`prerequisitegame`) VALUES (10,'NSCG1.1','',1,'NSCG2.1,NSSC3.2','NSSG');
INSERT INTO `chm_game_master_tbl`  (`id`,`id_game`,`game_description`,`id_grade`,`gametoopen`,`prerequisitegame`) VALUES (11,'NSCG2.1','',1,'NSCG4.2','NSCG1.1');
INSERT INTO `chm_game_master_tbl`  (`id`,`id_game`,`game_description`,`id_grade`,`gametoopen`,`prerequisitegame`) VALUES (12,'NSCG3.2','',1,'NSCG4.2,NSCG5.2','NSCG2.1');
INSERT INTO `chm_game_master_tbl`  (`id`,`id_game`,`game_description`,`id_grade`,`gametoopen`,`prerequisitegame`) VALUES (13,'NSCG4.2','',1,'NSCG5.3','NSCG3.2,NSCG3.2');
INSERT INTO `chm_game_master_tbl`  (`id`,`id_game`,`game_description`,`id_grade`,`gametoopen`,`prerequisitegame`) VALUES (14,'NSSG5.2','',1,'NSCG5.3','NSCG3.2');
INSERT INTO `chm_game_master_tbl`  (`id`,`id_game`,`game_description`,`id_grade`,`gametoopen`,`prerequisitegame`) VALUES (15,'NSCG5.3','',1,'','NSCG5.2,NSCG4.2');
INSERT INTO `chm_game_master_tbl`  (`id`,`id_game`,`game_description`,`id_grade`,`gametoopen`,`prerequisitegame`) VALUES (16,'NSPVG1.1','',1,'NSPVG2.1','NSNG3.1');
INSERT INTO `chm_game_master_tbl`  (`id`,`id_game`,`game_description`,`id_grade`,`gametoopen`,`prerequisitegame`) VALUES (17,'NSPVG2.1','',1,'NSPVG3.2','NSPVG1.1');
INSERT INTO `chm_game_master_tbl`  (`id`,`id_game`,`game_description`,`id_grade`,`gametoopen`,`prerequisitegame`) VALUES (18,'NSPVG3.2','',1,'NSPVG4.2','NSPVG1.1');
INSERT INTO `chm_game_master_tbl`  (`id`,`id_game`,`game_description`,`id_grade`,`gametoopen`,`prerequisitegame`) VALUES (19,'NSPVG4.2','',1,'NSPVG6.3','NSPVG3.2');
INSERT INTO `chm_game_master_tbl`  (`id`,`id_game`,`game_description`,`id_grade`,`gametoopen`,`prerequisitegame`) VALUES (20,'NSPVG5.2','',1,'NSPVG7.3','NSPVG4.2');
INSERT INTO `chm_game_master_tbl`  (`id`,`id_game`,`game_description`,`id_grade`,`gametoopen`,`prerequisitegame`) VALUES (21,'NSPVG6.3','',1,'NSPVG7.3','NSPVG4.2');
INSERT INTO `chm_game_master_tbl`  (`id`,`id_game`,`game_description`,`id_grade`,`gametoopen`,`prerequisitegame`) VALUES (22,'NSPVG7.3','',1,'','NSPVG6.3,NSPV5.2');
INSERT INTO `chm_game_master_tbl`  (`id`,`id_game`,`game_description`,`id_grade`,`gametoopen`,`prerequisitegame`) VALUES (23,'NSFG1.1','',1,'NSF2.1','');
INSERT INTO `chm_game_master_tbl`  (`id`,`id_game`,`game_description`,`id_grade`,`gametoopen`,`prerequisitegame`) VALUES (24,'NSFG2.1','',1,'','NOMD4.2,NSFG1.1');
INSERT INTO `chm_game_master_tbl`  (`id`,`id_game`,`game_description`,`id_grade`,`gametoopen`,`prerequisitegame`) VALUES (25,'NOAG1.1','',1,'NOAG2.1,NOMG1.1,NODG2.2','NSSG2.1');
INSERT INTO `chm_game_master_tbl`  (`id`,`id_game`,`game_description`,`id_grade`,`gametoopen`,`prerequisitegame`) VALUES (26,'NOAG2.1','',1,'NOAG3.2','NOAG1.1');
INSERT INTO `chm_game_master_tbl`  (`id`,`id_game`,`game_description`,`id_grade`,`gametoopen`,`prerequisitegame`) VALUES (27,'NOAG3.2','',1,'NOAG4.3','NOAG2.1');
INSERT INTO `chm_game_master_tbl`  (`id`,`id_game`,`game_description`,`id_grade`,`gametoopen`,`prerequisitegame`) VALUES (28,'NOAG4.3','',1,'','NOAG3.2');
INSERT INTO `chm_game_master_tbl`  (`id`,`id_game`,`game_description`,`id_grade`,`gametoopen`,`prerequisitegame`) VALUES (29,'NOSG1.1','',1,'NOSG2.1,NOSD1.2','NSSG2.1');
INSERT INTO `chm_game_master_tbl`  (`id`,`id_game`,`game_description`,`id_grade`,`gametoopen`,`prerequisitegame`) VALUES (30,'NOSG2.1','',1,'NOSG3.2','NOSG1.1');
INSERT INTO `chm_game_master_tbl`  (`id`,`id_game`,`game_description`,`id_grade`,`gametoopen`,`prerequisitegame`) VALUES (31,'NOSG3.2','',1,'NOSG4.3','NOSG2.1');
INSERT INTO `chm_game_master_tbl`  (`id`,`id_game`,`game_description`,`id_grade`,`gametoopen`,`prerequisitegame`) VALUES (32,'NOSG4.3','',1,'','NOSG3.2');
INSERT INTO `chm_game_master_tbl`  (`id`,`id_game`,`game_description`,`id_grade`,`gametoopen`,`prerequisitegame`) VALUES (33,'NOMG1.1','',1,'NOMG2.1','NOAG1.1');
INSERT INTO `chm_game_master_tbl`  (`id`,`id_game`,`game_description`,`id_grade`,`gametoopen`,`prerequisitegame`) VALUES (34,'NOMG2.1','',1,'NOMG3.2','NOMG1.1');
INSERT INTO `chm_game_master_tbl`  (`id`,`id_game`,`game_description`,`id_grade`,`gametoopen`,`prerequisitegame`) VALUES (35,'NOMG3.2','',1,'NOMG4.2','NOMG2.1');
INSERT INTO `chm_game_master_tbl`  (`id`,`id_game`,`game_description`,`id_grade`,`gametoopen`,`prerequisitegame`) VALUES (36,'NOMG4.2','',1,'NOMG5.3,NODG3.2','NOMG3.2');
INSERT INTO `chm_game_master_tbl`  (`id`,`id_game`,`game_description`,`id_grade`,`gametoopen`,`prerequisitegame`) VALUES (37,'NOMG5.3','',1,'','NOMG4.2');
INSERT INTO `chm_game_master_tbl`  (`id`,`id_game`,`game_description`,`id_grade`,`gametoopen`,`prerequisitegame`) VALUES (38,'NODG1.2','',1,'NODG3.2','NOSG1.1');
INSERT INTO `chm_game_master_tbl`  (`id`,`id_game`,`game_description`,`id_grade`,`gametoopen`,`prerequisitegame`) VALUES (39,'NODG2.2','',1,'NODG3.2','NOAG1.1');
INSERT INTO `chm_game_master_tbl`  (`id`,`id_game`,`game_description`,`id_grade`,`gametoopen`,`prerequisitegame`) VALUES (40,'NODG3.2','',1,'NODG4.2','NOMG4.2,NODG2.2,NODG1.2');
INSERT INTO `chm_game_master_tbl`  (`id`,`id_game`,`game_description`,`id_grade`,`gametoopen`,`prerequisitegame`) VALUES (41,'NODG4.2','',1,'','NODG3.2,NSPV4.2');
